	Ortsteil	Haltestelle	globaleID	lat	lon	mode	match_state	osm_id	distance	rating	osm_name	routes	official_direction	osm_direction	WKT
0	Bamberg	AEO	de:09461:20031:0:1	49.904591	10.935084		NO_MATCH_AND_SEEMS_UNSERVED								POINT(10.935084 49.904591)
1	Bamberg	AEO	de:09461:20031:0:2	49.904591	10.935084	bus	MATCHED_THOUGH_DISTANT	n4871763522	289.8	0.06	Bamberg A E O	923	Bamberg Kastanienstr.		LINESTRING(10.935084 49.904591,10.9310769 49.9042881)
2	Bamberg	AOK	de:09461:20034	49.901056	10.912501		NO_MATCH_AND_SEEMS_UNSERVED								POINT(10.912501 49.901056)
3	Bamberg	Adam-Krafft-Str.	de:09461:20025:0:1	49.901623	10.922211	bus	MATCHED	n279882626	39.1	1.0	Bamberg Adam-Krafft-Straße	902,923	Bamberg Stadion	Bamberg Stadion	LINESTRING(10.922211 49.901623,10.9216741 49.9015648)
4	Bamberg	Adam-Krafft-Str.	de:09461:20025:0:2	49.901686	10.922077	bus	MATCHED	n362704438	8.4	1.0	Bamberg Adam-Krafft-Straße	902,920,923,935,936	Bamberg Wörthstr. / Bamberg Malerviertel	Bamberg Wörthstraße / Bamberg Malerviertel	LINESTRING(10.922077 49.901686,10.922190200000001 49.90166850000001)
5	Bamberg	Adolf-Wächter-Str.	de:09461:20026:0:2	49.912436	10.924062	bus	MATCHED	n370636265	6.4	1.0	Bamberg Adolf-Wächter-Straße	915	Bamberg Kunigundenkirche	Bamberg Kunigundenkirche	LINESTRING(10.924062 49.912436,10.9239882 49.912469)
6	Bamberg	Altes Hallenbad	de:09461:20033:0:1	49.899586	10.886512		NO_MATCH_AND_SEEMS_UNSERVED								POINT(10.886512 49.899586)
7	Bamberg	Altes Hallenbad	de:09461:20033:0:2	49.899586	10.886656		NO_MATCH_AND_SEEMS_UNSERVED								POINT(10.886656 49.899586)
8	Bamberg	Am Bruderwald	de:09461:20027:0:1	49.867809	10.893825	bus	MATCHED	n493666019	1.2	1.0	Bamberg Am Bruderwald	901,908,918,937	Bamberg Paradiesweg / Bamberg In der Warth	Bamberg Paradiesweg / Bamberg In der Warth	LINESTRING(10.893825 49.867809,10.8938381 49.8678025)
9	Bamberg	Am Bundleshof	de:09461:20028:0:1	49.88899	10.870379		MATCHED	n447813127	6.2	1.0	Bamberg Am Bundleshof				LINESTRING(10.870379 49.88899,10.8704104 49.8890419)
10	Bamberg	Am Bundleshof	de:09461:20028:0:2	49.888776	10.870522	bus	MATCHED	n681738311	4.4	1.0	Bamberg Am Bundleshof	910	Bamberg Michelsberger Wald / Bamberg Jakobsberg		LINESTRING(10.870522 49.888776,10.8705225 49.888816000000006)
11	Bamberg	Am Kranen	de:09461:20020:0:1	49.893105	10.886539	bus	MATCHED	n460423638	1.1	1.0	Bamberg Am Kranen	940,941,952,957,994	Bamberg Markusplatz / Bamberg Stadtarchiv / Bamberg Stadtwerke / Bamberg Markusstr. / Gaustadt Rathaus / Bamberg Markusplatz / Bamberg Aussegnungshalle	Bamberg Markusstraße / Bamberg Markusplatz	LINESTRING(10.886539 49.893105,10.8865479 49.8931131)
12	Bamberg	Am Kranen	de:09461:20020:0:2	49.893029	10.886521		MATCHED	n8922940475	6.8	1.0	Bamberg Am Kranen			Bamberg Markusplatz / Bamberg Markusstraße	LINESTRING(10.886521 49.893029,10.886613 49.8930154)
13	Bamberg	Arena	de:09461:20018:0:1	49.880099	10.920073		MATCHED	n464163075	5.3	0.52	Bamberg Brose Arena				LINESTRING(10.920073 49.880099,10.920074000000001 49.8801466)
14	Bamberg	Artur-Landgraf-Str.	de:09461:20021:0:1	49.880956	10.881437		NO_MATCH_AND_SEEMS_UNSERVED								POINT(10.881437 49.880956)
15	Bamberg	Artur-Landgraf-Str.	de:09461:20021:0:2	49.880991	10.881572		NO_MATCH_AND_SEEMS_UNSERVED								POINT(10.881572 49.880991)
16	Bamberg	Auf dem Lerchenbühl	de:09461:20022:0:1	49.879243	10.880233	bus	MATCHED_THOUGH_REVERSED_DIR	n457988150	0.8	1.0	Bamberg Auf dem Lerchenbühl	908	Bamberg Würzb. Str.	Bamberg Staffelbergweg	LINESTRING(10.880233 49.879243,10.8802438 49.879243100000004)
17	Bamberg	Auf dem Lerchenbühl	de:09461:20022:0:2	49.879144	10.880233	bus	MATCHED	n6077029169	54.9	0.21	Bamberg Auf dem Lerchenbühl	908,937	Bamberg Staffelbergweg / Bamberg Panzerleite		LINESTRING(10.880233 49.879144,10.8809945 49.879183600000005)
18	Bamberg	Aussegnungshalle	de:09461:20030:0:1	49.906338	10.885506	bus	MATCHED	n344651063	15.8	1.0	Bamberg Aussegnungshalle	940,941,952,956,957	Bamberg Ottokirche / Bamberg Zollhaus / Bamberg Laubanger Hornbach / Hallstadt Landsknechtstr. / Bamberg Hallstadter Str. / Bamberg Deutsches Haus / Hallstadt Mitte	Bamberg Hallstadter Straße / Hallstadt Landsknechtstraße / Bamberg Laubanger Hornbach / Hallstadt Mitte / Bamberg Zollhaus	LINESTRING(10.885506 49.906338,10.8856341 49.9062228)
19	Bamberg	Aussegnungshalle	de:09461:20030:0:2	49.90558	10.885901	bus	MATCHED	n344651071	9.7	1.0	Bamberg Aussegnungshalle	940,941,952,956,957	Hallstadt Mitte / Bamberg Deutsches Haus / Bamberg Ottokirche / Bamberg Laubanger Hornbach	Bamberg Deutsches Haus / Bamberg Ottokirche	LINESTRING(10.885901 49.90558,10.885810600000001 49.905644800000005)
20	Bamberg	BA Schönbornstr. /Hainbadest. 	de:09461:20347:0:2	49.885749	10.895711		MATCHED	n4556513898	19.7	0.2	Schönbornstraße (Hainbadestelle)			Hainpark/Botanischer Garten	LINESTRING(10.895711 49.885749,10.895699 49.8855718)
21	Bamberg	Bahnhof/Atrium	de:09461:20032:0:1	49.899487	10.899547		MATCHED	n679680310	21.5	0.33	Bamberg Bahnhof/Atrium			Bamberg ZOB/Promenade / Bamberg Kloster-Langheim-Straße	LINESTRING(10.899547 49.899487,10.899753 49.8993473)
22	Bamberg	Bahnhof/Atrium	de:09461:20032:0:2	49.899644	10.899358		MATCHED	n679680305	26.9	0.29	Bamberg Bahnhof/Atrium			Bamberg ZOB (Willy-Lessing-Straße)	LINESTRING(10.899358 49.899644,10.8996144 49.8994675)
23	Bamberg	Bahnhof/Atrium	de:09461:20032:0:3	49.899806	10.899187		MATCHED	n679680304	21.6	0.33	Bamberg Bahnhof/Atrium				LINESTRING(10.899187 49.899806,10.899394200000001 49.899664900000005)
24	Bamberg	Bahnhof/Brennerstr. 	de:09461:20006:0:1	49.901241	10.900742	bus	MATCHED	n354863431	29.9	1.0	Bamberg Bahnhof/Brennerstraße	902,907,914,923	Bamberg Katharinenstr. / Bamberg Neuerbstr. / Bamberg G-Stauffenberg-Schulen	Bamberg Katharinenstraße / Bamberg Neuerbstraße	LINESTRING(10.900742 49.901241,10.900957100000001 49.9010103)
25	Bamberg	Bahnhof/Brennerstr. 	de:09461:20006:0:2	49.901356	10.900661	bus	MATCHED	n354863429	12.3	1.0	Bamberg Bahnhof/Brennerstraße	902,911,914,923,935	Bamberg, Bahnhof/Ludwigstr. / Bamberg Brennerstr.	Bamberg Brennerstraße / Bamberg Bahnhof/Ludwigstraße	LINESTRING(10.900661 49.901356,10.900814700000002 49.901306600000005)
26	Bamberg	Bahnhof/Fernbus	de:09461:20004:0:1	49.898782	10.900364		MATCHED	n7877927715	14.2	0.3	Bamberg Bahnhof/Landratsamt	068,1326,N1222,N1326	Himmelkron, (Autohof) / Fernbus / Schweinfurt Hbf (Platz 1) / Bayreuth, Goethestraße / Erlangen, Busbahnhof		LINESTRING(10.900364 49.898782,10.9001666 49.8987734)
27	Bamberg	Bahnhof/Landratsamt	de:09461:20035:0:1	49.899129	10.899834	bus	NO_MATCH					941,994,995	Bamberg ZOB/Willy-Lessing-Str. / Bamberg ZOB / Gaustadt Spinnerei		POINT(10.899834 49.899129)
28	Bamberg	Bahnhof/Ludwigstr. 	de:09461:20005:0:1	49.900998	10.897759	bus	MATCHED	n660961734	16.1	1.0	Bamberg Bahnhof/Ludwigstraße	901,902,904,906,907,914,915,916,917,918,919,923,927,931,935	Bamberg Grafensteinstr. / Bamberg Ottokirche / Bamberg Regensburger Ring / Bamberg Ottokirche / Bamberg P+R Kronacher Str. / Lichteneiche Staatsstr. / Bamberg, Bahnhof/Brennerstr. / Bamberg Hiltnerstr. / Bamberg Brennerstr. / Bamberg, Bahnhof/Post	Bamberg Brennerstraße / Bamberg Grafensteinstraße / Bamberg Bahnhof/Brennerstraße	LINESTRING(10.897759 49.900998,10.8977114 49.9011398)
29	Bamberg	Bahnhof/Ludwigstr. 	de:09461:20005:0:2	49.900963	10.897804	bus	MATCHED	n655127479	26.8	1.0	Bamberg Bahnhof/Ludwigstraße	901,902,907,911,914,917,918,919,923,931,935	Bamberg Luitpoldstr. / Bamberg P+R Heinrichsdamm / Bamberg Wilhelmsplatz	Bamberg Luitpoldstraße	LINESTRING(10.897804 49.900963,10.8975158 49.901116300000005)
30	Bamberg	Bahnhof/Post	de:09461:20001:0:3	49.90017	10.898622	bus	MATCHED	n354629017	25.3	0.53	Bamberg Bahnhof/Post	906,911,915,923	Bamberg Hans-Birkmayr-Str. / Bamberg Wilhelmsplatz / Bamberg Eisenbahnbrücke / Bamberg Wilhelmsplatz	Bamberg Hans-Birkmayr-Straße / Bamberg Eisenbahnbrücke	LINESTRING(10.898622 49.90017,10.8987672 49.899962900000006)
31	Bamberg	Bahnhof/Post	de:09461:20001:0:8	49.899632	10.899205	bus	MATCHED	n679680306	6.2	0.79	Bamberg Bahnhof/Post	970,975,983,989	Bamberg Pödeldorfer Str. / Strullendorf Abzw. Bahnhof / Bamberg Kloster-Langheim-Str. / Bamberg Stadion / Bamberg ZOB / Bamberg G-Stauffenberg-Schulen	Bamberg Graf-Stauffenberg-Schulen / Bamberg Robert-Bosch-Straße / Bamberg Pödeldorfer Straße	LINESTRING(10.899205 49.899632,10.8992675 49.89959330000001)
32	Bamberg	Bambados	de:09461:20040:0:2	49.900541	10.922975	bus	MATCHED	n1529143316	14.8	1.0	Bamberg Bambados	902,920,935,936	Bamberg Adam-Krafft-Str. / Bamberg Birkenallee	Bamberg Adam-Krafft-Straße	LINESTRING(10.922975 49.900541,10.922849300000001 49.9004351)
33	Bamberg	Bamberg	de:09461:20010:1:1	49.900818	10.899232	train	MATCHED	w68015393	3.9	1.0	Bamberg	RB22,RB26,RB53,RE54,RE55	Haßfurt / Hallstadt (b Bamberg) / Oberhaid		LINESTRING(10.899232 49.900818,10.899234048968083 49.900783392024984)
34	Bamberg	Bamberg	de:09461:20010:23:2	49.900541	10.899628	train	MATCHED	n1767581692	33.4	0.31	Bamberg	RB25,RB26,RB53,RE14,RE20,RE54	Strullendorf / Oberhaid / Haßfurt / Ebelsbach-Eltmann	Strullendorf / Oberhaid / Haßfurt	LINESTRING(10.899628 49.900541,10.8993505 49.9007822)
35	Bamberg	Bamberg	de:09461:20010:23:3	49.900598	10.899735	train	MATCHED	n417209383	32.9	0.31	Bamberg	18,25,28,61,RB26,RE14,RE19,RE20,RE28,RE29	Nürnberg Hbf / Nürnberg Hbf / Hirschaid / Erlangen / Haßfurt / Nürnberg Hbf / Strullendorf	Hirschaid / Erlangen	LINESTRING(10.899735 49.900598,10.8994628 49.9008364)
36	Bamberg	Bamberg	de:09461:20010:3:4	49.900494	10.898747	bus	MATCHED_THOUGH_NAMES_DIFFER	w361577158	8.8	1.0	Bahnhof (Vorplatz)	940,952,956,957,963,969,970,975,978,979,980,983,989,991	Bamberg ZOB / Bamberg G-Stauffenberg-Schulen / Bamberg Kloster-Langheim-Str. / Bamberg ZOB/Willy-Lessing-Str. / Bamberg ZOB / Bamberg Wilhelmsplatz / Bamberg ZOB / Bamberg Feldkirchenstr. / Bamberg G-Stauffenberg-Schulen / Bamberg Ottokirche		LINESTRING(10.898747 49.900494,10.898630529133424 49.90047025532638)
37	Bamberg	Bamberg	de:09461:20010:3:5	49.900396	10.898541	bus	MATCHED_THOUGH_NAMES_DIFFER	n679677058	14.0	0.28	Bamberg Bahnhof/Vorplatz	952,957,963,969	Bamberg ZOB / Bamberg ZOB / Bamberg ZOB / Bamberg Aussegnungshalle / Bamberg Am Kranen / Bamberg ZOB/Willy-Lessing-Str. / Bamberg Ottokirche	Bamberg ZOB (Willy-Lessing-Straße) / Bamberg Aussegnungshalle / Bamberg Luitpoldstraße	LINESTRING(10.898541 49.900396,10.8985828 49.9005194)
38	Bamberg	Bamberg	de:09461:20010:45:4	49.900546	10.899879	train	MATCHED	n417209378	43.7	0.26	Bamberg	RB25,RE19,RE28,RE29,RE32,RE35,RE38,RE54	Strullendorf / Hallstadt (b Bamberg) / Bad Staffelstein / Coburg / Coburg / Lichtenfels / Coburg / Lichtenfels	Erfurt Hbf / Bad Staffelstein	LINESTRING(10.899879 49.900546,10.899521400000001 49.9008643)
39	Bamberg	Bamberg	de:09461:20010:45:5	49.900604	10.899996	train	MATCHED	n415476161	44.0	0.26	Bamberg	RB22,RB26,S1	Hallstadt (b Bamberg) / Strullendorf / Hirschaid	Strullendorf	LINESTRING(10.899996 49.900604,10.899639 49.900925300000004)
40	Bamberg	Bamberg	de:09461:20010:68:6	49.900575	10.900122	train	MATCHED	n26038603	53.0	0.4	Bamberg	18,28,61,RB22,RB24,RB25,RB26,RE14,RE19,RE20,RE28	Leipzig Hbf / Coburg / Breitengüßbach / Lichtenfels / Haßfurt / Halle(Saale)Hbf / Erfurt Hbf / Hallstadt (b Bamberg)	Haßfurt / Coburg / Lichtenfels / Breitengüßbach	LINESTRING(10.900122 49.900575,10.8996828 49.900958)
41	Bamberg	Bamberg	de:09461:20010:68:8	49.900633	10.90023	train	MATCHED	n1758372539	51.5	0.23	Bamberg	18,RB25,RB26,RE14,RE20	Erfurt Hbf / Hallstadt (b Bamberg) / Strullendorf / Lichtenfels / Breitengüßbach / Haßfurt	Hallstadt (bei Bamberg) / Breitengüßbach	LINESTRING(10.90023 49.900633,10.8998174 49.9010113)
42	Bamberg	Berliner Ring	de:09461:20002:0:2	49.889777	10.920909	bus	MATCHED	n418786498	6.2	1.0	Bamberg Berliner Ring	911	Bamberg Geisfelder Str.	Bamberg Geisfelder Straße	LINESTRING(10.920909 49.889777,10.9208885 49.8898311)
43	Bamberg	Birkenallee	de:09461:20003:0:1	49.902074	10.929847	bus	NO_MATCH_BUT_OTHER_PLATFORM_MATCHED					902,923	Bamberg Kastanienstr.		POINT(10.929847 49.902074)
44	Bamberg	Birkenallee	de:09461:20003:0:2	49.902161	10.929793		MATCHED	n4357683731	11.2	1.0	Bamberg Birkenallee				LINESTRING(10.929793 49.902161,10.9298496 49.902067)
45	Bamberg	Breitenau	de:09461:20282:0:1	49.912806	10.914108	bus	MATCHED	n495438010	12.9	1.0	Bamberg Breitenau	907,915,917,927,935	Bamberg Seehofstr. / Bamberg Hauptsmoorstr. Nord	Bamberg Hauptsmoorstraße Nord / Bamberg Seehofstraße	LINESTRING(10.914108 49.912806,10.914229 49.9127206)
46	Bamberg	Breitenau	de:09461:20282:0:2	49.912748	10.913848	bus	MATCHED	n495438006	20.2	1.0	Bamberg Breitenau	907,915,917	Bamberg Kirschäckerstr.	Bamberg Kirschäckerstraße	LINESTRING(10.913848 49.912748,10.9135826 49.9126872)
47	Bamberg	Brennerstr.	de:09461:20039:0:1	49.903318	10.8989	bus	MATCHED	n348015535	5.6	1.0	Bamberg Brennerstraße	970	Bamberg Hiltnerstr.	Bamberg Hiltnerstraße / Bamberg Feldkirchenstraße	LINESTRING(10.8989 49.903318,10.8989691 49.903294200000005)
48	Bamberg	Brennerstr.	de:09461:20039:0:2	49.903272	10.898819	bus	NO_MATCH_BUT_OTHER_PLATFORM_MATCHED					907,914,917	Bamberg, Bahnhof/Ludwigstr. / Bamberg, Bahnhof/Brennerstr.		POINT(10.898819 49.903272)
49	Bamberg	Brennerstr.	de:09461:20039:0:3	49.903318	10.8989		NO_MATCH_AND_SEEMS_UNSERVED								POINT(10.8989 49.903318)
50	Bamberg	Brennerstr.	de:09461:20039:0:4	49.903272	10.898819		MATCHED	n348015534	0.8	1.0	Bamberg Brennerstraße			Bamberg Bahnhof/Brennerstraße / Bamberg Bahnhof/Ludwigstraße	LINESTRING(10.898819 49.903272,10.898825800000001 49.903277300000006)
51	Bamberg	Bruckertshof	de:09461:20041:0:1	49.920776	10.909105	bus	MATCHED_THOUGH_REVERSED_DIR	n419640384	11.4	1.0	Bamberg Bruckertshof	914	Kramersfeld Mitte	Bamberg Feldkirchenstraße / Kronacher Straße	LINESTRING(10.909105 49.920776,10.908985000000001 49.920843000000005)
52	Bamberg	Bruckertshof	de:09461:20041:0:2	49.920776	10.908934	bus	MATCHED_THOUGH_REVERSED_DIR	n420764792	11.5	1.0	Bamberg Bruckertshof	914	Kramersfeld Kronacher Str.	Bamberg Kramersfeld Mitte	LINESTRING(10.908934 49.920776,10.909088 49.9207461)
53	Bamberg	Bug Campingplatz	de:09461:20043:0:1	49.86123	10.915106	bus	MATCHED	n7021517672	9.9	1.0	Bamberg Bug Campingplatz	918	Pettstadt (Lkr. BA) Mitte	Pettstadt (Lkr. BA) Mitte	LINESTRING(10.915106 49.86123,10.915014000000001 49.8612966)
54	Bamberg	Bug Campingplatz	de:09461:20043:0:2	49.860871	10.916085	bus	MATCHED	n668980982	4.8	1.0	Bamberg Bug Campingplatz	918	Bug Schloßstr.	Bamberg Bug Schloßstraße	LINESTRING(10.916085 49.860871,10.9160883 49.8609141)
55	Bamberg	Bug Hauptstr. 	de:09461:20042	49.864711	10.909976		MATCHED	n6487418188	112.3	0.04	Bamberg Schule Bug				LINESTRING(10.909976 49.864711,10.9091267 49.865558300000004)
56	Bamberg	Bug Mitte	de:09461:20044:0:1	49.867704	10.907344	bus	MATCHED	n455439227	10.6	1.0	Bamberg Bug Mitte	918	Bug Schloßstr.	Bamberg Bug Schloßstraße	LINESTRING(10.907344 49.867704,10.907224900000001 49.8677599)
57	Bamberg	Bug Mitte	de:09461:20044:0:2	49.867681	10.907389	bus	MATCHED	n455439225	9.2	1.0	Bamberg Bug Mitte	918	Bamberg Rodelbahn	Bamberg Rodelbahn	LINESTRING(10.907389 49.867681,10.907486 49.8676267)
58	Bamberg	Bug Schloßstr. 	de:09461:20045:0:1	49.864334	10.910398	bus	MATCHED	n455461559	1.8	1.0	Bamberg Bug Schloßstraße	918	Bug Campingplatz / Bug Campingplatz	Bamberg Bug Campingplatz / Pettstadt (Lkr. BA) Ärztehaus	LINESTRING(10.910398 49.864334,10.910396400000002 49.864317500000006)
59	Bamberg	Bug Schloßstr. 	de:09461:20045:0:2	49.864433	10.910398	bus	MATCHED	n455461562	99.5	1.0	Bamberg Bug Schloßstraße	918	Bug Mitte	Bamberg Bug Mitte / Bamberg ZOB/Promenade / Bamberg Kunigundendamm	LINESTRING(10.910398 49.864433,10.911388 49.863807400000006)
60	Bamberg	Buger Str.	de:09461:20049:0:1	49.876169	10.883907	bus	MATCHED	n375949981	2.3	1.0	Bamberg Hohes Kreuz (Märkte)	908,912	Bamberg Waizendorfer Str.	Bamberg Waizendorfer Straße	LINESTRING(10.883907 49.876169,10.883875000000002 49.876167)
61	Bamberg	Buger Str.	de:09461:20049:0:2	49.876412	10.884419	bus	MATCHED	n375949976	6.7	1.0	Bamberg Hohes Kreuz (Märkte)	908,912,937	Bamberg Paradiesweg / Bamberg Hohe-Kreuz-Str. / Bamberg Hohes Kreuz	Bamberg Paradiesweg / Bamberg Hohes Kreuz	LINESTRING(10.884419 49.876412,10.884359700000001 49.8763657)
62	Bamberg	Carl-Schmolz-Weg	de:09461:20051:0:1	49.882681	10.861243	bus	MATCHED	n530694392	16.4	1.0	Bamberg Carl-Schmolz-Weg	910	Bamberg Eichelseeweg		LINESTRING(10.861243 49.882681,10.861430400000001 49.882765500000005)
63	Bamberg	Carl-Schmolz-Weg	de:09461:20051:0:2	49.882588	10.861261	bus	MATCHED	n530694391	8.9	1.0	Bamberg Carl-Schmolz-Weg	910	Bamberg Wildensorger Str.		LINESTRING(10.861261 49.882588,10.8613578 49.8826382)
64	Bamberg	Cherbonhof	de:09461:20053:0:1	49.900118	10.861656	bus	MATCHED	n452488372	4.3	1.0	Bamberg Cherbonhof	916	Bamberg Heßlergasse	Bamberg Heßlergasse	LINESTRING(10.861656 49.900118,10.8616002 49.9001311)
65	Bamberg	Cherbonhof	de:09461:20053:0:2	49.900078	10.8618	bus	MATCHED	n452488371	25.1	1.0	Bamberg Cherbonhof	916,938	Bamberg Titusstr.	Bamberg Titusstraße	LINESTRING(10.8618 49.900078,10.8614648 49.9000135)
66	Bamberg	Coburger Str.	de:09461:20055:0:1	49.913928	10.877969	bus	MATCHED	n352908330	4.9	1.0	Bamberg Coburger Straße	904	Hallstadt Landsknechtstr.	Hallstadt Landsknechtstraße	LINESTRING(10.877969 49.913928,10.877908900000001 49.913949)
67	Bamberg	Debringer Str.	de:09461:20058	49.861925	10.851694		NO_MATCH_AND_SEEMS_UNSERVED								POINT(10.851694 49.861925)
68	Bamberg	Deutsches Haus	de:09461:20060:0:1	49.897046	10.892576	bus	MATCHED	n8897665782	38.8	1.0	Bamberg Deutsches Haus	941,952,957,963,969	Bamberg / Bamberg Bahnhof/Landratsamt	Bamberg Bahnhof/Atrium / Bamberg Bahnhof/Vorplatz	LINESTRING(10.892576 49.897046,10.892053200000001 49.8969601)
69	Bamberg	Deutsches Haus	de:09461:20060:0:2	49.896999	10.892127	bus	MATCHED	n349120935	9.3	1.0	Bamberg Deutsches Haus	904,906,915,916,938,940,941,952,956,957,963,969,975,994,995	Bamberg / Bamberg Luitpoldstr. / Bamberg / Bamberg Bahnhof/Landratsamt / Bamberg, Bahnhof/Post / Bamberg ZOB		LINESTRING(10.892127 49.896999,10.892241 49.896958500000004)
70	Bamberg	Dientzenhof. Gymnasium	de:09461:20064	49.908912	10.904443		NO_MATCH_AND_SEEMS_UNSERVED								POINT(10.904443 49.908912)
71	Bamberg	Dientzenhoferstr.	de:09461:20063:0:2	49.889169	10.89917	bus	MATCHED	n6116204823	5.8	1.0	Bamberg Dientzenhoferstraße	909	Bamberg P+R Heinrichsdamm	Bamberg P+R Heinrichsdamm	LINESTRING(10.89917 49.889169,10.899113 49.889205800000006)
72	Bamberg	Domplatz	de:09461:20065:0:1	49.891345	10.883144	bus	MATCHED_THOUGH_REVERSED_DIR	n4518444694	36.7	1.0	Bamberg Domplatz	910	Bamberg Domschule	Bamberg Schranne / Historisches Rathaus	LINESTRING(10.883144 49.891345,10.883617800000001 49.891220600000004)
73	Bamberg	Domplatz	de:09461:20065:0:2	49.891212	10.883548	bus	MATCHED_THOUGH_REVERSED_DIR	n441269683	30.5	1.0	Bamberg Domplatz	910,916	Bamberg Schranne	Bamberg Domschule	LINESTRING(10.883548 49.891212,10.8831875 49.891357600000006)
74	Bamberg	Domschule	de:09461:20067:0:1	49.891288	10.879649	bus	MATCHED	n441269768	10.6	1.0	Bamberg Domschule	910	Bamberg Jakobsplatz	Bamberg Torschuster / Bamberg Jakobsplatz	LINESTRING(10.879649 49.891288,10.879794500000001 49.891272900000004)
75	Bamberg	Domschule	de:09461:20067:0:2	49.891305	10.879999	bus	MATCHED	n441269767	13.3	1.0	Bamberg Domschule	910	Bamberg Domplatz	Bamberg Domplatz	LINESTRING(10.879999 49.891305,10.880182600000001 49.891319300000006)
76	Bamberg	Dorotheenstr.	de:09461:20066:0:1	49.885639	10.87893	bus	MATCHED	n459496738	9.0	1.0	Bamberg Dorotheenstraße	908	Bamberg Panzerleite		LINESTRING(10.87893 49.885639,10.8788598 49.8857062)
77	Bamberg	Dorotheenstr.	de:09461:20066:0:2	49.88572	10.878975	bus	MATCHED	n459496737	0.9	1.0	Bamberg Dorotheenstraße	908	Bamberg Maternstr.		LINESTRING(10.878975 49.88572,10.878967600000001 49.8857262)
78	Bamberg	Eichelseeweg	de:09461:20072:0:1	49.880748	10.858341	bus	MATCHED	n464010092	6.3	1.0	Bamberg Eichelseeweg	910	Bamberg Wildensorg Mitte		LINESTRING(10.858341 49.880748,10.8582891 49.8807029)
79	Bamberg	Eichelseeweg	de:09461:20072:0:2	49.880545	10.858224	bus	MATCHED	n464010093	7.2	1.0	Bamberg Eichelseeweg	910	Bamberg Carl-Schmolz-Weg		LINESTRING(10.858224 49.880545,10.8581818 49.8804863)
80	Bamberg	Eisenbahnbrücke	de:09461:20074:0:1	49.8973	10.902341	bus	MATCHED	n354629021	6.6	0.75	Bamberg Eisenbahnbrücke	911	Bamberg G-Stauffenberg-Schulen	Bamberg Graf-Stauffenberg-Schulen	LINESTRING(10.902341 49.8973,10.902258300000002 49.897274700000004)
81	Bamberg	Elisabethenstr.	de:09461:20075:0:1	49.893163	10.882209	bus	MATCHED	n445354563	8.3	1.0	Bamberg Elisabethenstraße	910,916	Bamberg Domplatz / Bamberg Domplatz	Bamberg Domplatz	LINESTRING(10.882209 49.893163,10.882279700000002 49.8931039)
82	Bamberg	Fachoberschule	de:09461:20077	49.894569	10.913668		NO_MATCH_AND_SEEMS_UNSERVED								POINT(10.913668 49.894569)
83	Bamberg	Feldkirchenstr.	de:09461:20080:0:1	49.909138	10.904838	bus	MATCHED	n352665370	8.1	1.0	Bamberg Feldkirchenstraße	963,969	Bamberg Hauptsmoorstr. Nord / Bamberg Kirschäckerstr.	Bamberg Hauptsmoorstraße Nord / Bamberg Kirschäckerstraße	LINESTRING(10.904838 49.909138,10.904819 49.909066200000005)
84	Bamberg	Feldkirchenstr.	de:09461:20080:0:2	49.909132	10.903895	bus	MATCHED	n352665368	1.5	1.0	Bamberg Feldkirchenstraße	963,969	Bamberg / Bamberg Deutsches Haus / Bamberg Hiltnerstr. / Bamberg	Bamberg Hiltnerstraße / Bamberg Bahnhof/Vorplatz / Bamberg Deutsches Haus	LINESTRING(10.903895 49.909132,10.903887000000001 49.9091195)
85	Bamberg	Feldkirchenstr.	de:09461:20080:0:3	49.909288	10.904416	bus	MATCHED	n655135966	7.0	1.0	Bamberg Feldkirchenstraße	914,931,935	Bamberg Gundelsheimer Str.	Bamberg Gundelsheimer Straße	LINESTRING(10.904416 49.909288,10.904369 49.909342900000006)
86	Bamberg	Ferd. -Braun-Str.	de:09461:20081	49.893869	10.922984		NO_MATCH_AND_SEEMS_UNSERVED								POINT(10.922984 49.893869)
87	Bamberg	Ferdinand-Tietz-Str.	de:09461:20082:0:1	49.907929	10.921807	bus	MATCHED	n371144909	8.2	1.0	Bamberg Ferdinand-Tietz-Straße	901	Bamberg Hauptsmoorstr. (BPOL)	Bamberg Hauptsmoorstraße (Bundespolizei)	LINESTRING(10.921807 49.907929,10.921694 49.9079179)
88	Bamberg	Ferdinand-Tietz-Str.	de:09461:20082:0:2	49.908004	10.921735	bus	MATCHED	n371144906	2.8	1.0	Bamberg Ferdinand-Tietz-Straße	901,935	Bamberg Lagarde Kaserne / Bamberg Bambados	Bamberg Lagarde Kaserne / Bamberg Bambados	LINESTRING(10.921735 49.908004,10.921745000000001 49.908028300000005)
89	Bamberg	Friedrich-Ebert-Str.	de:09461:20083:0:2	49.888249	10.909141	bus	MATCHED	n439208350	7.7	1.0	Bamberg Friedrich-Ebert-Straße	905	Bamberg Wolfgangsplatz	Bamberg Wolfgangsplatz	LINESTRING(10.909141 49.888249,10.909081200000001 49.8883066)
90	Bamberg	Frutolfstr.	de:09461:20086:0:1	49.899684	10.87037	bus	MATCHED	n452425610	2.2	1.0	Bamberg Frutolfstraße	916	Bamberg Titusstr.	Bamberg Titusstraße	LINESTRING(10.87037 49.899684,10.8703635 49.8997029)
91	Bamberg	Frutolfstr.	de:09461:20086:0:2	49.899563	10.869857	bus	MATCHED	n452425613	5.0	1.0	Bamberg Frutolfstraße	916,938	Bamberg Regensburger Ring / Bamberg Schweinfurter Str.	Bamberg Schweinfurter Straße / Bamberg Regensburger Ring	LINESTRING(10.869857 49.899563,10.869797100000001 49.8995399)
92	Bamberg	Frutolfstr.	de:09461:20086:0:3	49.899551	10.870801		NO_MATCH_AND_SEEMS_UNSERVED								POINT(10.870801 49.899551)
93	Bamberg	G-Stauffenberg-Schulen	de:09461:20097:0:1	49.897555	10.912384	bus	MATCHED	n415739652	108.2	1.0	Bamberg Graf-Stauffenberg-Schulen	911,936,975,978,979,980,983	Bamberg Robert-Bosch-Str. / Bamberg Robert-Bosch-Str. / Bamberg / Bamberg Hans-Birkmayr-Str. / Bamberg Feldkirchenstr.	Bamberg Bahnhof/Vorplatz / Bamberg Kloster-Langheim-Straße / Bamberg Hans-Birkmayr-Straße / Bamberg ZOB (Willy-Lessing-Straße) / Bamberg Bahnhof/Brennerstraße	LINESTRING(10.912384 49.897555,10.911711400000002 49.898425800000005)
94	Bamberg	G-Stauffenberg-Schulen	de:09461:20097:0:2	49.898429	10.911638	bus	MATCHED	n1626507270	161.2	0.1	Bamberg Graf-Stauffenberg-Schulen	911,975,978,979,980,983	Bamberg / Bamberg ZOB/Willy-Lessing-Str. / Bamberg Kloster-Langheim-Str. / Bamberg Feldkirchenstr. / Bamberg ZOB/Willy-Lessing-Str.		LINESTRING(10.911638 49.898429,10.9127869 49.897184100000004)
95	Bamberg	G-Stauffenberg-Schulen	de:09461:20097:0:3	49.897555	10.912384		MATCHED	n2091210005	3.1	1.0	Bamberg Graf-Stauffenberg-Schulen			Bamberg Hans-Birkmayr-Straße / Bamberg Robert-Bosch-Straße	LINESTRING(10.912384 49.897555,10.9123649 49.8975803)
96	Bamberg	G-Stauffenberg-Schulen	de:09461:20097:0:4	49.896941	10.912914	bus	MATCHED	n1626507269	7.3	0.61	Bamberg Graf-Stauffenberg-Schulen	907,911,914,927	Bamberg, Bahnhof/Ludwigstr. / Bamberg Neuerbstr. / Bamberg, Bahnhof/Brennerstr.		LINESTRING(10.912914 49.896941,10.9128735 49.8970009)
97	Bamberg	Gartenstadt Schule	de:09461:20101:0:2	49.913436	10.919525	bus	MATCHED	n370382941	0.4	1.0	Bamberg Gartenstadt Schule	901	Bamberg Stauffenbergstr.		LINESTRING(10.919525 49.913436,10.9195215 49.913438400000004)
98	Bamberg	Gartenstadt Schule	de:09461:20101:0:3	49.913349	10.920558	bus	MATCHED	n366321751	4.6	1.0	Bamberg Gartenstadt Schule	915,935	Bamberg Kunigundenkirche / Bamberg Kunigundenkirche	Bamberg Kunigundenkirche	LINESTRING(10.920558 49.913349,10.920494300000001 49.91334620000001)
99	Bamberg	Gartenstadt Schule	de:09461:20101:0:4	49.913396	10.920451	bus	MATCHED	n366321752	8.8	1.0	Bamberg Gartenstadt Schule	915	Bamberg Seehofstr.	Bamberg Seehofstraße	LINESTRING(10.920451 49.913396,10.920481800000001 49.9134728)
100	Bamberg	Gaustadt Fabrikbau	de:09461:20512:0:1	49.902728	10.865294	bus	MATCHED	n353281661	9.8	1.0	Bamberg Fabrikbau	906,938	Gaustadt H.-Semlinger-Str.	Bamberg Heinrich-Semlinger-Straße	LINESTRING(10.865294 49.902728,10.865404600000002 49.9026757)
101	Bamberg	Gaustadt Fabrikbau	de:09461:20512:0:2	49.902739	10.86498	bus	MATCHED	n353281663	5.1	1.0	Bamberg Fabrikbau	906	Gaustadt Spinnerei	Bamberg Spinnerei	LINESTRING(10.86498 49.902739,10.864908900000001 49.9027346)
102	Bamberg	Gaustadt Freibad	de:09461:20514:0:1	49.897063	10.856356		NO_MATCH_AND_SEEMS_UNSERVED								POINT(10.856356 49.897063)
103	Bamberg	Gaustadt Friedhof	de:09461:20085:0:1	49.905968	10.852781	bus	MATCHED	n353283355	3.7	1.0	Bamberg Gaustadt Friedhof	906,938	Bamberg Steinberg	Bischberg Steinberg	LINESTRING(10.852781 49.905968,10.852806000000001 49.905939000000004)
104	Bamberg	Gaustadt Friedhof	de:09461:20085:0:2	49.905707	10.852987	bus	MATCHED	n353283354	11.0	1.0	Bamberg Gaustadt Friedhof	906	Gaustadt Ziegelei / Gaustadt Rathaus	Bamberg Gaustadt Rathaus	LINESTRING(10.852987 49.905707,10.8531236 49.9056617)
105	Bamberg	Gaustadt Friedhof	de:09461:20085:0:3	49.904544	10.851694		MATCHED	n462465965	3.0	1.0	Bamberg Ziegelei				LINESTRING(10.851694 49.904544,10.851655800000001 49.904533)
106	Bamberg	Gaustadt Friedhof	de:09461:20085:0:4	49.904481	10.851738		MATCHED	n462465973	3.6	1.0	Bamberg Ziegelei				LINESTRING(10.851738 49.904481,10.8516905 49.9044703)
107	Bamberg	Gaustadt H. -Semlinger-Str. 	de:09461:20131:0:1	49.90341	10.862914	bus	MATCHED	n449980783	4.8	1.0	Bamberg Heinrich-Semlinger-Straße	995	Gaustadt Rathaus	Bamberg Gaustadt Rathaus	LINESTRING(10.862914 49.90341,10.8629732 49.90338920000001)
108	Bamberg	Gaustadt H. -Semlinger-Str. 	de:09461:20131:0:2	49.903584	10.861871	bus	MATCHED	n353281673	17.8	1.0	Bamberg Heinrich-Semlinger-Straße	995	Gaustadt Fabrikbau / Gaustadt Spinnerei	Bamberg Fabrikbau / Bamberg Spinnerei	LINESTRING(10.861871 49.903584,10.861629200000001 49.903620100000005)
109	Bamberg	Gaustadt Rathaus	de:09461:20312:0:1	49.904544	10.857622	bus	MATCHED	n353283351	2.9	1.0	Bamberg Gaustadt Rathaus	952,994,995	Trosdorf Gh Wachter / Gaustadt Friedhof / Gaustadt Ziegelei / Bischberg (Lkr BA) Röthelbach / Bamberg Markusplatz	Bamberg Gaustadt Friedhof / Trosdorf Gasthof Wachter / Bischberg (Lkr BA)Röthelbach	LINESTRING(10.857622 49.904544,10.8576607 49.904537700000006)
110	Bamberg	Gaustadt Rathaus	de:09461:20312:0:2	49.904521	10.857039	bus	MATCHED	n457008051	12.3	1.0	Bamberg Gaustadt Rathaus	952,994,995	Bischberg (Lkr BA) Röthelbach / Gaustadt Spinnerei / Gaustadt H.-Semlinger-Str.	Bamberg Markusplatz / Bamberg Heinrich-Semlinger-Straße / Bamberg Spinnerei	LINESTRING(10.857039 49.904521,10.8568674 49.9045253)
111	Bamberg	Gaustadt Spinnerei	de:09461:20352:0:1	49.901096	10.869678	bus	MATCHED	n469702034	4.3	1.0	Bamberg Spinnerei	994,995	Gaustadt Fabrikbau / Gaustadt Rathaus / Gaustadt H.-Semlinger-Str.	Bamberg Gaustadt Rathaus / Bamberg Heinrich-Semlinger-Straße / Bamberg Fabrikbau	LINESTRING(10.869678 49.901096,10.8696356 49.9011239)
112	Bamberg	Gaustadt Spinnerei	de:09461:20352:0:2	49.901657	10.868249	bus	MATCHED	n353281657	2.1	1.0	Bamberg Spinnerei	994,995	Bamberg Stadtarchiv / Bamberg Regensburger Ring / Bamberg Schweinfurter Str.	Bamberg Stadtarchiv / Bamberg Regensburger Ring / Bamberg Deutsches Haus	LINESTRING(10.868249 49.901657,10.8682402 49.90163870000001)
113	Bamberg	Gaustadt Ziegelei	de:09461:20087:0:1	49.904544	10.851694	bus	NO_MATCH					906,916,938	Bamberg Krötleinstr.		POINT(10.851694 49.904544)
114	Bamberg	Gaustadt Ziegelei	de:09461:20087:0:2	49.904481	10.851738	bus	NO_MATCH					906,916	Gaustadt Rathaus		POINT(10.851738 49.904481)
115	Bamberg	Geisfelder Str.	de:09461:20104:0:1	49.889893	10.914171		NO_MATCH_AND_SEEMS_UNSERVED								POINT(10.914171 49.889893)
116	Bamberg	Geisfelder Str.	de:09461:20104:0:2	49.889945	10.914387	bus	MATCHED	n418786290	1.2	1.0	Bamberg Geisfelder Straße	911	Bamberg Robert-Bosch-Str.	Bamberg Graf-Stauffenberg-Schulen / Bamberg Robert-Bosch-Straße	LINESTRING(10.914387 49.889945,10.9143893 49.8899339)
117	Bamberg	Geisfelder Str.	de:09461:20104:0:3	49.889036	10.912932	bus	MATCHED	n429459773	1.1	1.0	Bamberg Geisfelder Straße	922	Bamberg Nürnberger Str.	Bamberg Nürnberger Straße	LINESTRING(10.912932 49.889036,10.9129468 49.8890321)
118	Bamberg	Geisfelder Str.	de:09461:20104:0:4	49.889279	10.912869	bus	MATCHED	n429459774	0.5	1.0	Bamberg Geisfelder Straße	922	Bamberg Ulanen Kaserne	Bamberg Ulanenkaserne	LINESTRING(10.912869 49.889279,10.9128763 49.8892797)
119	Bamberg	Georgendamm	de:09461:20109:0:2	49.897144	10.887114		NO_MATCH_AND_SEEMS_UNSERVED								POINT(10.887114 49.897144)
120	Bamberg	Gereuthstr.	de:09461:20105:0:2	49.883225	10.915941	bus	MATCHED	n372775216	5.3	1.0	Bamberg Gereuthstraße	905,936	Bamberg Mohnstr.	Bamberg Mohnstraße	LINESTRING(10.915941 49.883225,10.9159395 49.8831773)
121	Bamberg	Gereuthstr.	de:09461:20105:0:42	49.88238	10.914055		NO_MATCH_AND_SEEMS_UNSERVED								POINT(10.914055 49.88238)
122	Bamberg	Geyerswörthplatz	de:09461:20111	49.890882	10.88644		MATCHED_THOUGH_NAMES_DIFFER	n6654685629	7.0	0.17	Historisches Rathaus			Bamberg Schillerplatz	LINESTRING(10.88644 49.890882,10.886352700000002 49.8909092)
123	Bamberg	Giselastr.	de:09461:20114:0:1	49.870229	10.870271		MATCHED	n4991810353	3.5	1.0	Bamberg Giselastraße				LINESTRING(10.870271 49.870229,10.870223300000001 49.870235900000004)
124	Bamberg	Giselastr.	de:09461:20114:0:2	49.870235	10.87037		MATCHED	n4991810352	16.1	1.0	Bamberg Giselastraße				LINESTRING(10.87037 49.870235,10.870263600000001 49.8703621)
125	Bamberg	Grafensteinstr.	de:09461:20110:0:1	49.903196	10.901882	bus	MATCHED	n351146724	8.9	1.0	Bamberg Grafensteinstraße	901,931,935	Bamberg Universität / Bamberg Kloster-Banz-Str.	Bamberg Universität/Feki / Bamberg Kloster-Banz-Straße	LINESTRING(10.901882 49.903196,10.901999400000001 49.9031711)
126	Bamberg	Grafensteinstr.	de:09461:20110:0:2	49.902988	10.90093	bus	MATCHED	n351146723	3.6	1.0	Bamberg Grafensteinstraße	901,931	Bamberg, Bahnhof/Ludwigstr.	Bamberg Bahnhof/Ludwigstraße	LINESTRING(10.90093 49.902988,10.9009648 49.9030118)
127	Bamberg	Greiffenbergstr.	de:09461:20106:0:2	49.913645	10.927044	bus	MATCHED	n371325296	15.3	1.0	Bamberg Greiffenbergstraße	915	Bamberg Adolf-Wächter-Str.		LINESTRING(10.927044 49.913645,10.927009100000001 49.913509100000006)
128	Bamberg	Gundelsheimer Str.	de:09461:20112:0:1	49.913367	10.900274	bus	MATCHED	n360006700	2.2	1.0	Bamberg Gundelsheimer Straße	914,931,935	Bamberg P+R Kronacher Str. / Bamberg P+R Kronacher Str.	Bamberg P+R Kronacher Straße	LINESTRING(10.900274 49.913367,10.9002888 49.9133493)
129	Bamberg	Gundelsheimer Str.	de:09461:20112:0:2	49.913037	10.90049	bus	MATCHED	n360006702	13.1	1.0	Bamberg Gundelsheimer Straße	914,931	Bamberg Universität / Bamberg Feldkirchenstr.	Bamberg Universität/Feki / Bamberg Feldkirchenstraße	LINESTRING(10.90049 49.913037,10.900593800000001 49.9129403)
130	Bamberg	Gutenbergstr.	de:09461:20113:0:2	49.883167	10.924574	bus	MATCHED	n497194455	11.3	1.0	Bamberg Gutenbergstraße	922	Bamberg Strullendorfer Str.		LINESTRING(10.924574 49.883167,10.9244348 49.8832145)
131	Bamberg	Gönnerstr.	de:09461:20107:0:2	49.891751	10.902314	bus	MATCHED	n428423348	3.3	1.0	Bamberg Gönnerstraße	905,936	Bamberg Marienplatz	Bamberg Marienplatz	LINESTRING(10.902314 49.891751,10.9023596 49.891750200000004)
132	Bamberg	Hafenstr.	de:09461:20132:0:1	49.90915	10.872328	bus	MATCHED	n349053258	2.7	1.0	Bamberg Hafenstraße	919	Bamberg Mainstr.	Bamberg Mainstraße	LINESTRING(10.872328 49.90915,10.872314600000001 49.909172600000005)
133	Bamberg	Hafenstr.	de:09461:20132:0:2	49.908762	10.872912	bus	MATCHED	n475015274	0.8	1.0	Bamberg Hafenstraße	919	Bamberg Margaretendamm	Bamberg Margaretendamm	LINESTRING(10.872912 49.908762,10.8729172 49.9087557)
134	Bamberg	Hahnenweg	de:09461:20133:0:2	49.87761	10.883665		MATCHED	n457962211	12.0	0.43	Hahnenweg				LINESTRING(10.883665 49.87761,10.8835622 49.8775247)
135	Bamberg	Halle	de:09461:20134	49.901246	10.905036		NO_MATCH_AND_SEEMS_UNSERVED								POINT(10.905036 49.901246)
136	Bamberg	Hallstadter Str.	de:09461:20130:0:1	49.908386	10.884168	bus	MATCHED	n352908325	24.2	1.0	Bamberg Hallstadter Straße	940	Bamberg Zollhaus	Bamberg Zollhaus	LINESTRING(10.884168 49.908386,10.8839112 49.9085271)
137	Bamberg	Hallstadter Str.	de:09461:20130:0:2	49.908409	10.883871	bus	MATCHED	n352908327	27.0	1.0	Bamberg Hallstadter Straße	940,952	Bamberg Aussegnungshalle / Bamberg Aussegnungshalle	Bamberg Aussegnungshalle	LINESTRING(10.883871 49.908409,10.883706700000001 49.908627100000004)
138	Bamberg	Hans-Birkmayr-Str.	de:09461:20137:0:1	49.895639	10.913219	bus	MATCHED	n415739520	2.2	1.0	Bamberg Hans-Birkmayr-Straße	911,936	Bamberg Moosstr.	Bamberg Moosstraße	LINESTRING(10.913219 49.895639,10.913196200000002 49.895652000000005)
139	Bamberg	Hans-Birkmayr-Str.	de:09461:20137:0:2	49.895686	10.913345	bus	MATCHED	n415739599	5.7	1.0	Bamberg Hans-Birkmayr-Straße	911	Bamberg G-Stauffenberg-Schulen / Bamberg G-Stauffenberg-Schulen	Bamberg Graf-Stauffenberg-Schulen	LINESTRING(10.913345 49.895686,10.9134162 49.895662800000004)
140	Bamberg	Hans-Morper-Str.	de:09461:20135:0:1	49.916693	10.92072		NO_MATCH_AND_SEEMS_UNSERVED								POINT(10.92072 49.916693)
141	Bamberg	Hans-Morper-Str.	de:09461:20135:0:2	49.91682	10.92072	bus	MATCHED	n366339778	2.7	1.0	Bamberg Hans-Morper-Straße	901,907	Bamberg, Bahnhof/Ludwigstr. / Bamberg Spinnseyer	Bamberg Spinnseyer	LINESTRING(10.92072 49.91682,10.9207038 49.9168419)
142	Bamberg	Hauptsmoorstr. (BPOL)	de:09461:20139:0:2	49.908988	10.925499	bus	MATCHED_THOUGH_REVERSED_DIR	n370628200	11.4	1.0	Bamberg Hauptsmoorstraße (Bundespolizei)	901	Bamberg Seinsheimstr.	Bamberg Ferdinand-Tietz-Straße	LINESTRING(10.925499 49.908988,10.925476100000001 49.909089300000005)
143	Bamberg	Hauptsmoorstr. (BPOL)	de:09461:20139:0:4	49.909109	10.92549	bus	MATCHED_THOUGH_REVERSED_DIR	n370628209	19.6	1.0	Bamberg Hauptsmoorstraße (Bundespolizei)	935	Bamberg Ferdinand-Tietz-Str.	Bamberg Seinsheimstraße	LINESTRING(10.92549 49.909109,10.925756 49.9090707)
144	Bamberg	Hauptsmoorstr. Nord	de:09461:20138:0:1	49.918064	10.920738	bus	MATCHED	n370490266	5.2	1.0	Bamberg Hauptsmoorstraße Nord	963,969	Lichteneiche Staatsstr. / Lichteneiche Kapellenstr. / Memmelsdorf Markt	Lichteneiche Kapellenstraße / Lichteneiche Staatsstraße / Memmelsdorf Markt	LINESTRING(10.920738 49.918064,10.9207465 49.9180173)
145	Bamberg	Hauptsmoorstr. Nord	de:09461:20138:0:2	49.917902	10.919903	bus	MATCHED	n370490267	1.5	1.0	Bamberg Hauptsmoorstraße Nord	963,969	Bamberg Feldkirchenstr. / Bamberg Breitenau / Bamberg	Bamberg Breitenau / Bamberg Feldkirchenstraße	LINESTRING(10.919903 49.917902,10.919899500000001 49.9179152)
146	Bamberg	Heinrichsdamm	de:09461:20150:0:2	49.885691	10.902224		MATCHED	n7148401912	10.8	1.0	Heinrichsdamm			Bamberg Bahnhof/Vorplatz	LINESTRING(10.902224 49.885691,10.9023096 49.885770300000004)
147	Bamberg	Hertzstr.	de:09461:20317:0:2	49.892196	10.92558	bus	MATCHED	n394840253	13.7	1.0	Bamberg Hertzstraße	911,936	Bamberg Siemensstr.		LINESTRING(10.92558 49.892196,10.925556 49.8923186)
148	Bamberg	Hezilostr.	de:09461:20141:0:2	49.876551	10.875131	bus	MATCHED	n458861131	4.4	1.0	Bamberg Hezilostraße	908,937	Bamberg König-Konrad-Str.	Bamberg König-Konrad-Straße	LINESTRING(10.875131 49.876551,10.8751809 49.876574600000005)
149	Bamberg	Heßlergasse	de:09461:20145:0:1	49.900205	10.857802		MATCHED	n1547678114	27.9	1.0	Bamberg Heßlergasse				LINESTRING(10.857802 49.900205,10.8581801 49.9001491)
150	Bamberg	Heßlergasse	de:09461:20145:0:2	49.90028	10.85703	bus	MATCHED	n452488495	8.9	1.0	Bamberg Heßlergasse	916,938	Bamberg Cherbonhof	Bamberg Cherbonhof	LINESTRING(10.85703 49.90028,10.8569069 49.900270500000005)
151	Bamberg	Heßlergasse	de:09461:20145:0:3	49.900298	10.857236	bus	MATCHED	n1606104930	3.9	1.0	Bamberg Heßlergasse	916	Bamberg Seewiesenstr.	Bamberg Seewiesenstraße	LINESTRING(10.857236 49.900298,10.857286 49.9002848)
152	Bamberg	Hiltnerstr.	de:09461:20143:0:1	49.906674	10.899232	bus	MATCHED	n349988952	3.8	1.0	Bamberg Hiltnerstraße	907,914,915,917,925,927	Bamberg Feldkirchenstr. / Bamberg Feldkirchenstr.	Bamberg Feldkirchenstraße	LINESTRING(10.899232 49.906674,10.899205 49.9066447)
153	Bamberg	Hiltnerstr.	de:09461:20143:0:2	49.906309	10.897777	bus	MATCHED	n349972078	4.9	1.0	Bamberg Hiltnerstraße	907,914,915,917,925	Bamberg Ottokirche / Bamberg Brennerstr.	Bamberg Brennerstraße / Bamberg Ottokirche	LINESTRING(10.897777 49.906309,10.897842200000001 49.9063225)
154	Bamberg	Hirschknock	de:09461:20144:0:1	49.925392	10.916264	bus	MATCHED_THOUGH_REVERSED_DIR	n420764787	54.0	1.0	Bamberg Hirschknock	914	Gundelsheim (BA) Altes Rathaus	Bamberg Kramersfeld Mitte	LINESTRING(10.916264 49.925392,10.915519000000002 49.925328)
155	Bamberg	Hirschknock	de:09461:20144:0:2	49.925259	10.915465	bus	MATCHED_THOUGH_REVERSED_DIR	n420764784	54.6	1.0	Bamberg Hirschknock	914	Kramersfeld Mitte		LINESTRING(10.915465 49.925259,10.9162166 49.925333900000005)
156	Bamberg	Hohe-Kreuz-Str.	de:09461:20146:0:2	49.877535	10.885174	bus	MATCHED	n457962511	1.3	1.0	Bamberg Hohe-Kreuz-Straße	908,918	Bamberg Schellenbergerstr.	Bamberg Schellenbergerstraße	LINESTRING(10.885174 49.877535,10.8851618 49.8775435)
157	Bamberg	Hohes Kreuz	de:09461:20147:0:1	49.87695	10.884248	bus	MATCHED	n454363988	1.5	1.0	Bamberg Hohes Kreuz	901,908,912,918,978,983,989,991	Stegaurach Aurachtal Apotheke / Bamberg Paradiesweg / Waizendorf (b. Stegaurach) / Bamberg Hohes Kreuz (Märkte) / Waizendorf (b. Stegaurach) / Pettstadt (Lkr. BA) Ärztehaus / Debring Mitte	Debring Mitte / Waizendorf (bei Stegaurach) / Bamberg Hohes Kreuz (Märkte) / Pettstadt (Lkr. BA) Ärztehaus / Stegaurach Aurachtal Apotheke / Bamberg Paradiesweg	LINESTRING(10.884248 49.87695,10.884263500000001 49.8769405)
158	Bamberg	Hohes Kreuz	de:09461:20147:0:2	49.87772	10.884347	bus	MATCHED	n454364030	1.3	1.0	Bamberg Hohes Kreuz	901,908,912,918,937,978,983,989,991	Bamberg Würzb. Str. / Bamberg Würzb. Str.	Bamberg Würzburger Straße	LINESTRING(10.884347 49.87772,10.8843455 49.8777082)
159	Bamberg	Hohes Kreuz	de:09461:20147:0:3	49.877205	10.88432		NO_MATCH_AND_SEEMS_UNSERVED								POINT(10.88432 49.877205)
160	Bamberg	Hohes Kreuz	de:09461:20147:0:4	49.877217	10.884302		NO_MATCH_AND_SEEMS_UNSERVED								POINT(10.884302 49.877217)
161	Bamberg	Höcherbühl	de:09461:20149:0:1	49.879607	10.892181	bus	MATCHED	n4985131760	42.6	1.0	Bamberg Höcherbühl	918	Bamberg Schellenbergerstr.	Bamberg Schellenbergerstraße	LINESTRING(10.892181 49.879607,10.891608600000001 49.8797068)
162	Bamberg	Höcherbühl	de:09461:20149:0:2	49.8797	10.892172	bus	MATCHED	n4985131761	40.2	1.0	Bamberg Höcherbühl	918	Bamberg P+R Heinrichsdamm	Bamberg P+R Heinrichsdamm	LINESTRING(10.892172 49.8797,10.8916187 49.879649300000004)
163	Bamberg	In der Warth	de:09461:20162:0:1	49.869812	10.895433	bus	MATCHED	n454338302	4.4	1.0	Bamberg In der Warth	918	Bamberg Rodelbahn	Bamberg Rodelbahn	LINESTRING(10.895433 49.869812,10.8953729 49.869804200000004)
164	Bamberg	In der Warth	de:09461:20162:0:2	49.869887	10.895415	bus	MATCHED	n454338299	1.7	1.0	Bamberg In der Warth	918	Bamberg Klinikum	Bamberg Klinikum	LINESTRING(10.895415 49.869887,10.895434400000001 49.8698777)
165	Bamberg	Jahnstr.	de:09461:20160:0:2	49.897723	10.924125	bus	MATCHED	n869977373	1.7	1.0	Bamberg Jahnstraße	911	Bamberg Robert-Bosch-Str.		LINESTRING(10.924125 49.897723,10.924147900000001 49.8977251)
166	Bamberg	Jakobsberg	de:09461:20165:0:1	49.890697	10.87293	bus	MATCHED	n447833743	8.4	1.0	Bamberg Jakobsberg	910	Bamberg Wildensorger Str. / Bamberg Michelsberger Wald	Bamberg Michelsberger Wald	LINESTRING(10.87293 49.890697,10.873036800000001 49.890727600000005)
167	Bamberg	Jakobsberg	de:09461:20165:0:2	49.890628	10.872885	bus	MATCHED	n6316035991	3.6	1.0	Bamberg Jakobsberg	910	Bamberg Jakobsplatz		LINESTRING(10.872885 49.890628,10.8728361 49.890619900000004)
168	Bamberg	Jakobsplatz	de:09461:20164:0:1	49.891131	10.876999	bus	MATCHED	n447833970	4.5	1.0	Bamberg Jakobsplatz	910	Bamberg Jakobsberg	Bamberg Jakobsberg	LINESTRING(10.876999 49.891131,10.876936500000001 49.8911299)
169	Bamberg	Jakobsplatz	de:09461:20164:0:2	49.891073	10.876469	bus	MATCHED	n447833935	12.2	1.0	Bamberg Jakobsplatz	910	Bamberg Domschule	Bamberg Domschule	LINESTRING(10.876469 49.891073,10.8763106 49.8910331)
170	Bamberg	Josef-Manger-Str.	de:09461:20159	49.897416	10.924385		NO_MATCH_AND_SEEMS_UNSERVED								POINT(10.924385 49.897416)
171	Bamberg	Kantstr.	de:09461:20163:0:1	49.90805	10.90667	bus	MATCHED	n999071896	3.1	0.63	Bamberg Kantstraße (Schulbus)	970	Bamberg Kirschäckerstr.		LINESTRING(10.90667 49.90805,10.9066275 49.9080516)
172	Bamberg	Kantstr.	de:09461:20163:0:2	49.908126	10.906949		NO_MATCH_AND_SEEMS_UNSERVED								POINT(10.906949 49.908126)
173	Bamberg	Kapuzinerstr.	de:09461:20166	49.892318	10.887069		MATCHED	n677530593	31.0	0.14	Bamberg Am Kranen			Bamberg Aussegnungshalle / Bamberg Stadtarchiv / Bamberg Markusplatz / Bamberg Stadtwerke / Bischberg (Lkr BA) Mitte	LINESTRING(10.887069 49.892318,10.8868185 49.8925447)
174	Bamberg	Kastanienstr.	de:09461:20168:0:1	49.904463	10.937069	bus	MATCHED	n3227803208	19.4	1.0	Bamberg Kastanienstraße	902,923	Bamberg Stadion	Bamberg Stadion	LINESTRING(10.937069 49.904463,10.937192300000001 49.9043082)
175	Bamberg	Katharinenstr.	de:09461:20167:0:1	49.900269	10.904299	bus	MATCHED	n354871972	8.0	1.0	Bamberg Katharinenstraße	902,923	Bamberg Neuerbstr.	Bamberg Neuerbstraße / Bamberg Malerviertel	LINESTRING(10.904299 49.900269,10.9042279 49.9002138)
176	Bamberg	Katharinenstr.	de:09461:20167:0:2	49.898764	10.904173	bus	MATCHED	n354866162	8.6	1.0	Bamberg Katharinenstraße	902,911,923,935	Bamberg, Bahnhof/Brennerstr.	Bamberg Bahnhof/Brennerstraße	LINESTRING(10.904173 49.898764,10.9042391 49.8988285)
177	Bamberg	Kirschäckerstr.	de:09461:20170:0:1	49.910278	10.909365	bus	MATCHED	n352665377	15.0	1.0	Bamberg Kirschäckerstraße	907,915,917,927	Bamberg Breitenau	Bamberg Breitenau	LINESTRING(10.909365 49.910278,10.9092 49.910194800000006)
178	Bamberg	Kirschäckerstr.	de:09461:20170:0:2	49.910584	10.909626	bus	MATCHED	n352665384	18.6	1.0	Bamberg Kirschäckerstraße	907,915,917,935	Bamberg Feldkirchenstr. / Bamberg Feldkirchenstr.	Bamberg Feldkirchenstraße	LINESTRING(10.909626 49.910584,10.909396000000001 49.9105069)
179	Bamberg	Klinikum	de:09461:20172:0:1	49.869441	10.891462	bus	MATCHED	n493666017	13.5	1.0	Bamberg Klinikum	901,908,918,937	Bamberg Am Bruderwald	Bamberg Am Bruderwald	LINESTRING(10.891462 49.869441,10.8915833 49.8693487)
180	Bamberg	Klinikum Michelsberg	de:09461:20171:0:1	49.892636	10.872427		NO_MATCH_AND_SEEMS_UNSERVED								POINT(10.872427 49.892636)
181	Bamberg	Klinikum Michelsberg	de:09461:20171:0:2	49.892769	10.873127	bus	MATCHED	n447812951	8.5	1.0	Bamberg Klinikum Michelsberg	910	Bamberg Michelsberg		LINESTRING(10.873127 49.892769,10.8730402 49.8927168)
182	Bamberg	Klinikum Michelsberg	de:09461:20171:0:3	49.8923	10.871645		MATCHED	n447812952	70.0	1.0	Bamberg Klinikum Michelsberg				LINESTRING(10.871645 49.8923,10.872451 49.892654300000004)
183	Bamberg	Kloster-Banz-Str.	de:09461:20173:0:1	49.904816	10.907847	bus	MATCHED	n352676563	3.0	1.0	Bamberg Kloster-Banz-Straße	901,935	Bamberg Weißenburgstr.	Bamberg Weißenburgstraße	LINESTRING(10.907847 49.904816,10.907864700000001 49.9047916)
184	Bamberg	Kloster-Banz-Str.	de:09461:20173:0:2	49.904585	10.906527	bus	MATCHED	n352676565	15.3	1.0	Bamberg Kloster-Banz-Straße	901,931	Bamberg Grafensteinstr.	Bamberg Grafensteinstraße	LINESTRING(10.906527 49.904585,10.906314400000001 49.9045727)
185	Bamberg	Kloster-Langheim-Str.	de:09461:20174:0:1	49.899117	10.91171	bus	MATCHED	n1546764007	5.0	1.0	Bamberg Kloster-Langheim-Straße	920,936,970,983,991	Bamberg Malerviertel / Bamberg Feldkirchenstr. / Bamberg Stadion	Bamberg Malerviertel / Bamberg Stadion	LINESTRING(10.91171 49.899117,10.9116399 49.899114600000004)
186	Bamberg	Kloster-Langheim-Str.	de:09461:20174:0:2	49.899123	10.910479	bus	MATCHED	n1643127497	16.5	1.0	Bamberg Kloster-Langheim-Straße	911,920,940,970	Bamberg Marienplatz / Bamberg, Bahnhof/Post / Bamberg Katharinenstr. / Bamberg Brennerstr. / Bamberg Wilhelmsplatz / Bamberg ZOB	Bamberg Kantstraße (Schulbus) / Bamberg Marienplatz / Bamberg Bahnhof/Atrium / Bamberg Katharinenstraße	LINESTRING(10.910479 49.899123,10.910249400000001 49.8991179)
187	Bamberg	Konzerthalle	de:09461:20178:0:1	49.896397	10.880098	bus	MATCHED	n301967631	5.4	1.0	Bamberg Konzerthalle	906,938	Bamberg Mußstr.	Bamberg Mußstraße	LINESTRING(10.880098 49.896397,10.8801593 49.8964246)
188	Bamberg	Konzerthalle	de:09461:20178:0:2	49.896363	10.880323	bus	MATCHED	n301967633	11.7	1.0	Bamberg Konzerthalle	906,938	Bamberg Markusplatz	Bamberg Markusplatz	LINESTRING(10.880323 49.896363,10.8804838 49.8963484)
189	Bamberg	Kramersfeld Am Börstig	de:09461:20179	49.916988	10.900014		NO_MATCH_AND_SEEMS_UNSERVED								POINT(10.900014 49.916988)
190	Bamberg	Kramersfeld Kronacher Str. 	de:09461:20182:0:1	49.919753	10.903428	bus	MATCHED	n402434473	3.6	1.0	Kronacher Straße	914	Bruckertshof	Bamberg Bruckertshof	LINESTRING(10.903428 49.919753,10.9034136 49.919722400000005)
191	Bamberg	Kramersfeld Kronacher Str. 	de:09461:20182:0:2	49.920319	10.903796	bus	MATCHED	n402434474	1.0	1.0	Kronacher Straße	914	Bamberg P+R Kronacher Str. / Bamberg Gundelsheimer Str.	Bamberg P+R Kronacher Straße	LINESTRING(10.903796 49.920319,10.9037846 49.920313500000006)
192	Bamberg	Kramersfeld Mitte	de:09461:20181:0:1	49.923634	10.911908	bus	MATCHED	n420764791	4.2	1.0	Bamberg Kramersfeld Mitte	914	Hirschknock	Bamberg Hirschknock	LINESTRING(10.911908 49.923634,10.9119568 49.923654000000006)
193	Bamberg	Kramersfeld Mitte	de:09461:20181:0:2	49.923662	10.911764	bus	MATCHED	n419640385	15.6	1.0	Bamberg Kramersfeld Mitte	914	Bruckertshof	Bamberg Bruckertshof	LINESTRING(10.911764 49.923662,10.911862800000002 49.9237867)
194	Bamberg	Krötleinstr.	de:09461:20176:0:1	49.899754	10.847687	bus	MATCHED	n457519410	14.9	1.0	Bamberg Krötleinstraße	916	Gaustadt Ziegelei		LINESTRING(10.847687 49.899754,10.8478857 49.899715300000004)
195	Bamberg	Krötleinstr.	de:09461:20176:0:2	49.899649	10.84801	bus	MATCHED	n457519411	0.5	1.0	Bamberg Krötleinstraße	916,938	Bamberg Rothofer Str.	Bamberg Rothofer Straße	LINESTRING(10.84801 49.899649,10.8480024 49.899649600000004)
196	Bamberg	Kunigundendamm	de:09461:20184:0:2	49.885338	10.910147	bus	MATCHED	n664387492	1.6	1.0	Bamberg Kunigundendamm	905,936	Bamberg Wunderburg	Bamberg Wunderburg / Bamberg Marienplatz	LINESTRING(10.910147 49.885338,10.9101634 49.885328300000005)
197	Bamberg	Kunigundenkirche	de:09461:20186:0:1	49.914136	10.924188	bus	MATCHED	n366335371	0.8	1.0	Bamberg Kunigundenkirche	915	Bamberg Greiffenbergstr.		LINESTRING(10.924188 49.914136,10.9241986 49.9141363)
198	Bamberg	Kunigundenkirche	de:09461:20186:0:2	49.913656	10.92328	bus	MATCHED	n671243008	3.2	1.0	Bamberg Kunigundenkirche	901,915	Bamberg Hauptsmoorstr. Nord / Bamberg Hans-Morper-Str. / Bamberg Gartenstadt Schule	Bamberg Hans-Morper-Straße / Bamberg Gartenstadt Schule	LINESTRING(10.92328 49.913656,10.9232563 49.9136807)
199	Bamberg	Kunigundenkirche	de:09461:20186:0:4	49.913535	10.923217	bus	MATCHED	n671243006	4.9	1.0	Bamberg Kunigundenkirche	935	Bamberg Hauptsmoorstr. (BPOL)		LINESTRING(10.923217 49.913535,10.923162600000001 49.913561400000006)
200	Bamberg	König-Konrad-Str.	de:09461:20175:0:2	49.872539	10.874978	bus	MATCHED	n458886942	5.7	1.0	Bamberg König-Konrad-Straße	908,937	Bamberg ZOB / Bamberg Waizendorfer Str.	Bamberg Waizendorfer Straße	LINESTRING(10.874978 49.872539,10.875054700000002 49.8725254)
201	Bamberg	Lagarde Kaserne	de:09461:20212:0:1	49.906928	10.916193	bus	MATCHED	n352670009	7.6	1.0	Bamberg Lagarde Kaserne	901	Bamberg Ferdinand-Tietz-Str.	Bamberg Ferdinand-Tietz-Straße	LINESTRING(10.916193 49.906928,10.916087600000001 49.9069292)
202	Bamberg	Lagarde Kaserne	de:09461:20212:0:2	49.907217	10.916812	bus	MATCHED	n352670005	18.7	1.0	Bamberg Lagarde Kaserne	901	Bamberg Weißenburgstr.	Bamberg Weißenburgstraße	LINESTRING(10.916812 49.907217,10.9165541 49.907192900000005)
203	Bamberg	Landesgartenschau	de:09461:20215	49.900847	10.879218		NO_MATCH_AND_SEEMS_UNSERVED								POINT(10.879218 49.900847)
204	Bamberg	Lange Str.	de:09461:20202:0:1	49.89226	10.890636	bus	MATCHED	n6654685626	13.2	1.0	Bamberg Lange Straße	904,906,910,915,916,938	Bamberg Am Kranen	Bamberg Am Kranen	LINESTRING(10.890636 49.89226,10.8907959 49.892202000000005)
205	Bamberg	Laubanger Hornbach	de:09461:20205:0:1	49.908392	10.879272	bus	MATCHED	n2479823311	3.1	1.0	Bamberg Laubanger Hornbach	952,956,957	Bamberg Aussegnungshalle / Bamberg Aussegnungshalle / Bamberg Laubanger OBI / Bamberg	Bamberg Laubanger Obi	LINESTRING(10.879272 49.908392,10.8793147 49.9083881)
206	Bamberg	Laubanger Hornbach	de:09461:20205:0:2	49.908345	10.879182	bus	MATCHED	n2479823312	4.4	1.0	Bamberg Laubanger Hornbach	957	Bamberg Laubanger OBI / Bamberg Aussegnungshalle	Bamberg Aussegnungshalle	LINESTRING(10.879182 49.908345,10.8791205 49.9083424)
207	Bamberg	Laubanger OBI	de:09461:20204:0:1	49.910318	10.874987	bus	MATCHED	n670283646	5.6	1.0	Bamberg Laubanger Obi	952,956,957	Hallstadt Heganger / Bamberg Laubanger Hornbach	Hallstadt Heganger	LINESTRING(10.874987 49.910318,10.8750573 49.910296100000004)
208	Bamberg	Laubanger OBI	de:09461:20204:0:2	49.910289	10.874771	bus	MATCHED	n670283649	4.3	1.0	Bamberg Laubanger Obi	957	Hallstadt Heganger / Bamberg Laubanger Hornbach	Bamberg Aussegnungshalle / Bamberg Laubanger Hornbach	LINESTRING(10.874771 49.910289,10.8748187 49.910265300000006)
209	Bamberg	Laurenziplatz	de:09461:20210:0:1	49.883196	10.882775	bus	MATCHED	n459671212	3.4	1.0	Bamberg Laurenziplatz	901,908,912,937	Bamberg Würzb. Str.	Bamberg Würzburger Straße	LINESTRING(10.882775 49.883196,10.8827824 49.883165600000005)
210	Bamberg	Laurenziplatz	de:09461:20210:0:2	49.883248	10.882856	bus	MATCHED	n459671211	8.9	1.0	Bamberg Laurenziplatz	901,908,912,937	Bamberg Laurenzistr. / Bamberg Schulplatz	Bamberg Laurenzistraße / Bamberg Schulplatz	LINESTRING(10.882856 49.883248,10.882908 49.883175800000004)
211	Bamberg	Laurenzistr.	de:09461:20220:0:1	49.886744	10.882389	bus	MATCHED	n450799918	1.1	1.0	Bamberg Laurenzistraße	901,908,912,937	Bamberg Laurenziplatz	Bamberg Laurenziplatz	LINESTRING(10.882389 49.886744,10.8823796 49.886736000000006)
212	Bamberg	Laurenzistr.	de:09461:20220:0:2	49.886791	10.88247	bus	MATCHED	n450799919	6.8	1.0	Bamberg Laurenzistraße	901,908,912,937	Bamberg Schulplatz	Bamberg Schulplatz	LINESTRING(10.88247 49.886791,10.882529 49.8867435)
213	Bamberg	Luitpoldstr.	de:09461:20222:0:1	49.897485	10.894597	bus	MATCHED	n349183436	4.5	0.74	Bamberg Luitpoldstraße	901,902,904,906,907,911,914,915,916,917,923,927,931,935	Bamberg, Bahnhof/Post / Bamberg, Bahnhof/Ludwigstr.	Bamberg Bahnhof/Ludwigstraße	LINESTRING(10.894597 49.897485,10.8945352 49.897482000000004)
214	Bamberg	Luitpoldstr.	de:09461:20222:0:2	49.897451	10.894373	bus	MATCHED	n349183427	12.3	0.59	Bamberg Luitpoldstraße	901,902,907,911,914,917,923,931,935	Bamberg ZOB / Bamberg ZOB / Bamberg ZOB Gericht	Bamberg ZOB	LINESTRING(10.894373 49.897451,10.8943457 49.8975602)
215	Bamberg	Löwenstr.	de:09461:20223:0:2	49.898359	10.888785	bus	MATCHED	n659764508	2.4	1.0	Bamberg Löwenstraße	906,916,938	Bamberg Deutsches Haus	Bamberg Deutsches Haus	LINESTRING(10.888785 49.898359,10.888805300000001 49.898341300000006)
216	Bamberg	Löwenstr.	de:09461:20223:0:4	49.898724	10.889261	bus	MATCHED	n349120938	9.8	1.0	Bamberg Löwenstraße	904,915	Bamberg Deutsches Haus	Bamberg Deutsches Haus	LINESTRING(10.889261 49.898724,10.8892071 49.898643400000005)
217	Bamberg	Mainstr.	de:09461:20232:0:1	49.910636	10.868986	bus	MATCHED	n349055141	4.2	1.0	Bamberg Mainstraße	919	Bamberg Rheinstr.	Bamberg Rheinstraße	LINESTRING(10.868986 49.910636,10.869036900000001 49.9106171)
218	Bamberg	Mainstr.	de:09461:20232:0:2	49.910723	10.868456	bus	MATCHED	n349055766	1.4	1.0	Bamberg Mainstraße	919	Bamberg Hafenstr.	Bamberg Hafenstraße	LINESTRING(10.868456 49.910723,10.8684746 49.910727400000006)
219	Bamberg	Malerviertel	de:09461:20234:0:1	49.899829	10.917549	bus	NO_MATCH_BUT_OTHER_PLATFORM_MATCHED					920,936	Bamberg Bambados		POINT(10.917549 49.899829)
220	Bamberg	Malerviertel	de:09461:20234:0:2	49.900014	10.916624	bus	MATCHED	n2578522595	18.1	1.0	Bamberg Malerviertel	920,936	Bamberg Kloster-Langheim-Str. / Bamberg G-Stauffenberg-Schulen	Bamberg Kloster-Langheim-Straße / Bamberg Graf-Stauffenberg-Schulen	LINESTRING(10.916624 49.900014,10.916378700000001 49.8999784)
221	Bamberg	Malerviertel	de:09461:20234:0:4	49.899829	10.917549		MATCHED	n354629022	5.9	1.0	Bamberg Malerviertel			Bamberg Bambados / Bamberg Birkenallee	LINESTRING(10.917549 49.899829,10.9176099 49.8997934)
222	Bamberg	Margaretendamm	de:09461:20235:0:1	49.90271	10.880152	bus	MATCHED	n349033343	9.5	1.0	Bamberg Margaretendamm	919	Bamberg Hafenstr.	Bamberg Hafenstraße	LINESTRING(10.880152 49.90271,10.8800437 49.902759)
223	Bamberg	Margaretendamm	de:09461:20235:0:2	49.902618	10.880053	bus	MATCHED_THOUGH_DISTANT	n475015273	261.5	1.0	Bamberg Margaretendamm	919	Bamberg Ottokirche	Bamberg Ottokirche	LINESTRING(10.880053 49.902618,10.8770374 49.9039359)
224	Bamberg	Marienbrücke	de:09461:20237:0:1	49.892416	10.90005	bus	MATCHED	n422737087	8.2	1.0	Bamberg Marienbrücke	905	Bamberg Wunderburg	Bamberg Wunderburg / Bamberg Bug Schloßstraße	LINESTRING(10.90005 49.892416,10.9000888 49.8923469)
225	Bamberg	Marienplatz	de:09461:20239:0:1	49.893545	10.900346	bus	MATCHED	n8863423058	1.6	1.0	Bamberg Marienplatz	920,922,936	Bamberg Pfisterstr. / Bamberg Pfisterstr.	Bamberg Pfisterstraße	LINESTRING(10.900346 49.893545,10.900325800000001 49.893551)
226	Bamberg	Marienplatz	de:09461:20239:0:2	49.893556	10.900104	bus	MATCHED	n8863423057	4.3	1.0	Bamberg Marienplatz	905,920,922,936	Bamberg Wilhelmsplatz / Bamberg Wilhelmsplatz / Bamberg Wilhelmsplatz	Bamberg Wilhelmsplatz	LINESTRING(10.900104 49.893556,10.900163500000001 49.8935553)
227	Bamberg	Marienplatz	de:09461:20239:0:4	49.893626	10.900553		NO_MATCH_AND_SEEMS_UNSERVED								POINT(10.900553 49.893626)
228	Bamberg	Markusplatz	de:09461:20240:0:1	49.895744	10.88406	bus	MATCHED	n771212878	44.3	1.0	Bamberg Markusplatz	952,995	Bamberg Konzerthalle / Gaustadt Spinnerei / Bamberg Deutsches Haus		LINESTRING(10.88406 49.895744,10.883611700000001 49.896018100000006)
229	Bamberg	Markusplatz	de:09461:20240:0:2	49.895738	10.884823	bus	MATCHED	n469710557	3.8	1.0	Bamberg Markusplatz	940,941,952,994,995	Bamberg Stadtwerke / Bamberg Deutsches Haus / Bamberg Ottokirche / Bamberg Aussegnungshalle / Gaustadt Rathaus / Bamberg Löwenstr.	Bamberg Ottokirche / Bamberg Löwenstraße / Bamberg Aussegnungshalle / Bamberg Stadtwerke / Bamberg Deutsches Haus	LINESTRING(10.884823 49.895738,10.8848528 49.8957095)
230	Bamberg	Markusplatz	de:09461:20240:0:3	49.89579	10.884743		MATCHED	n771212888	52.4	0.16	Bamberg Markusplatz			Bamberg Konzerthalle	LINESTRING(10.884743 49.89579,10.884015100000001 49.895825300000006)
231	Bamberg	Markusstr.	de:09461:20241:0:1	49.895003	10.883727	bus	MATCHED	n430830049	6.9	1.0	Bamberg Markusstraße	910,916	Bamberg Elisabethenstr. / Bamberg Stadtarchiv	Bamberg Stadtarchiv / Bamberg Elisabethenstraße	LINESTRING(10.883727 49.895003,10.883664000000001 49.894955700000004)
232	Bamberg	Maternstr.	de:09461:20243:0:1	49.888128	10.879434	bus	MATCHED	n670301206	3.6	1.0	Bamberg Maternstraße	908	Bamberg Dorotheenstr.		LINESTRING(10.879434 49.888128,10.8794348 49.8880956)
233	Bamberg	Maternstr.	de:09461:20243:0:2	49.888903	10.879595	bus	MATCHED	n670301205	5.8	1.0	Bamberg Maternstraße	908	Bamberg Schulplatz		LINESTRING(10.879595 49.888903,10.8796323 49.8888564)
234	Bamberg	Max-Planck-Str.	de:09461:20244:0:2	49.894858	10.923523	bus	MATCHED	n354630571	5.1	1.0	Bamberg Max-Planck-Straße	911,936	Bamberg Hertzstr. / Bamberg Jahnstr.		LINESTRING(10.923523 49.894858,10.923594000000001 49.8948577)
235	Bamberg	Michelsberg	de:09461:20245:0:1	49.89322	10.875211		MATCHED	n447812889	0.5	1.0	Bamberg Michelsberg			Bamberg Klinikum Michelsberg	LINESTRING(10.875211 49.89322,10.8752163 49.893217500000006)
236	Bamberg	Michelsberg	de:09461:20245:0:2	49.893128	10.875059	bus	MATCHED	n447812886	3.4	1.0	Bamberg Michelsberg	910	Bamberg Storchsgasse	Bamberg Storchsgasse	LINESTRING(10.875059 49.893128,10.8750503 49.8931577)
237	Bamberg	Michelsberger Wald	de:09461:20246:0:1	49.889412	10.867531		MATCHED	n447813061	8.5	1.0	Bamberg Michelsberger Wald				LINESTRING(10.867531 49.889412,10.8674257 49.8894474)
238	Bamberg	Michelsberger Wald	de:09461:20246:0:2	49.889528	10.867288	bus	MATCHED	n447813059	7.6	1.0	Bamberg Michelsberger Wald	910	Bamberg Villa Remeis	Bamberg Villa Remeis	LINESTRING(10.867288 49.889528,10.867393900000001 49.8895272)
239	Bamberg	Michelsberger Wald	de:09461:20246:0:3	49.889522	10.867001		NO_MATCH_AND_SEEMS_UNSERVED								POINT(10.867001 49.889522)
240	Bamberg	Mohnstr.	de:09461:20247:0:2	49.881193	10.918214	bus	MATCHED	n372775265	4.2	1.0	Bamberg Mohnstraße	905,936	Bamberg Kunigundendamm	Bamberg Kunigundendamm	LINESTRING(10.918214 49.881193,10.9182158 49.881230900000006)
241	Bamberg	Mohnstr.	de:09461:20247:0:42	49.880817	10.917351		NO_MATCH_AND_SEEMS_UNSERVED								POINT(10.917351 49.880817)
242	Bamberg	Moosstr.	de:09461:20248:0:1	49.893811	10.913749	bus	MATCHED	n415739482	6.0	1.0	Bamberg Moosstraße	911,936	Bamberg Robert-Bosch-Str.	Bamberg Robert-Bosch-Straße	LINESTRING(10.913749 49.893811,10.9136652 49.8938104)
243	Bamberg	Moosstr.	de:09461:20248:0:2	49.89355	10.913929	bus	MATCHED	n686688206	2.6	1.0	Bamberg Moosstraße	911	Bamberg Hans-Birkmayr-Str.	Bamberg Hans-Birkmayr-Straße	LINESTRING(10.913929 49.89355,10.9139137 49.8935292)
244	Bamberg	Mußstr.	de:09461:20249:0:1	49.898307	10.877799	bus	MATCHED	n429270670	4.7	1.0	Bamberg Mußstraße	906,938	Bamberg Regensburger Ring	Bamberg Regensburger Ring	LINESTRING(10.877799 49.898307,10.8778135 49.8983483)
245	Bamberg	Mußstr.	de:09461:20249:0:2	49.898411	10.877574	bus	MATCHED	n429270671	4.4	1.0	Bamberg Mußstraße	906,938	Bamberg Konzerthalle	Bamberg Konzerthalle	LINESTRING(10.877574 49.898411,10.8775166 49.898425200000005)
246	Bamberg	Müllheizkraftwerk	de:09461:20252:0:1	49.910434	10.855673	bus	MATCHED	n619056334	10.0	1.0	Bamberg Müllheizkraftwerk	919	Bamberg Rheinstr. Ende	Bamberg Rheinstraße	LINESTRING(10.855673 49.910434,10.855792300000001 49.910386900000006)
247	Bamberg	Müllheizkraftwerk	de:09461:20252:0:2	49.910382	10.855763	bus	MATCHED	n619056335	10.6	1.0	Bamberg Müllheizkraftwerk	919	Bamberg Rheinstr.		LINESTRING(10.855763 49.910382,10.855767700000001 49.9104771)
248	Bamberg	Neuerbstr.	de:09461:20262:0:1	49.900384	10.907766	bus	MATCHED	n354875970	5.9	1.0	Bamberg Neuerbstraße	902,914,923	Bamberg G-Stauffenberg-Schulen / Bamberg Pödeldorfer Str.	Bamberg Pödeldorfer Straße	LINESTRING(10.907766 49.900384,10.907770600000001 49.9003311)
249	Bamberg	Neuerbstr.	de:09461:20262:0:2	49.899621	10.907227	bus	MATCHED	n661174012	4.6	1.0	Bamberg Neuerbstraße	902,914,923,935	Bamberg Katharinenstr. / Bamberg, Bahnhof/Brennerstr.	Bamberg Bahnhof/Brennerstraße / Bamberg Katharinenstraße	LINESTRING(10.907227 49.899621,10.9072414 49.899661200000004)
250	Bamberg	Nürnberger Str.	de:09461:20265:0:1	49.887445	10.914782	bus	MATCHED	n469835284	7.1	1.0	Bamberg Nürnberger Straße	922	Bamberg Von-Ketteler Str. / Bamberg Von-Ketteler Str.	Bamberg von-Ketteler-Straße	LINESTRING(10.914782 49.887445,10.9147067 49.887486800000005)
251	Bamberg	Nürnberger Str.	de:09461:20265:0:2	49.887653	10.914647	bus	MATCHED	n429459757	21.3	1.0	Bamberg Nürnberger Straße	922	Bamberg Geisfelder Str.	Bamberg Geisfelder Straße	LINESTRING(10.914647 49.887653,10.9148793 49.887533700000006)
252	Bamberg	Oberer Stephansberg	de:09461:20264:0:2	49.881292	10.886449	bus	MATCHED	n475298253	3.2	1.0	Bamberg Oberer Stephansberg	918	Bamberg Würzb. Str.	Bamberg Würzburger Straße	LINESTRING(10.886449 49.881292,10.8864359 49.8813198)
253	Bamberg	Ohmstr.	de:09461:20272	49.893649	10.917298		NO_MATCH_AND_SEEMS_UNSERVED								POINT(10.917298 49.893649)
254	Bamberg	Ottoheim	de:09461:20274:0:1	49.887659	10.894471		NO_MATCH_AND_SEEMS_UNSERVED								POINT(10.894471 49.887659)
255	Bamberg	Ottoheim	de:09461:20274:0:2	49.887919	10.894381	bus	MATCHED	n446771838	4.9	1.0	Bamberg Ottoheim	909	Bamberg Schönleinsplatz	Bamberg Schönleinsplatz	LINESTRING(10.894381 49.887919,10.8944471 49.8879305)
256	Bamberg	Ottokirche	de:09461:20270:0:1	49.902276	10.8883	bus	MATCHED	n343609966	38.2	0.28	Bamberg Ottokirche	940,952,956,957	Bamberg Deutsches Haus / Bamberg Aussegnungshalle	Bamberg Aussegnungshalle	LINESTRING(10.8883 49.902276,10.8881671 49.902608300000004)
257	Bamberg	Ottokirche	de:09461:20270:0:2	49.901437	10.88892	bus	MATCHED	n344605297	10.1	0.57	Bamberg Ottokirche	940,956,957	Bamberg Löwenstr. / Bamberg Deutsches Haus / Bamberg Aussegnungshalle	Bamberg Löwenstraße / Bamberg Deutsches Haus	LINESTRING(10.88892 49.901437,10.8887888 49.9014697)
258	Bamberg	Ottokirche	de:09461:20270:0:3	49.902213	10.889477	bus	MATCHED	n351125475	9.0	0.73	Bamberg Ottokirche	915,919,925	Bamberg, Bahnhof/Ludwigstr. / Bamberg Hiltnerstr.	Bamberg Hiltnerstraße	LINESTRING(10.889477 49.902213,10.8895991 49.902194800000004)
259	Bamberg	Ottokirche	de:09461:20270:0:4	49.902323	10.88971	bus	MATCHED	n469711830	19.0	0.59	Bamberg Ottokirche	915,919,925	Bamberg Ottokirche / Bamberg Margaretendamm / Bamberg Stadtwerke	Bamberg Stadtwerke / Bamberg Ottokirche / Bamberg Margaretendamm / Bamberg Aussegnungshalle	LINESTRING(10.88971 49.902323,10.889787700000001 49.902486200000006)
260	Bamberg	Ottostr.	de:09461:20276:0:2	49.887416	10.896142	bus	MATCHED	n6121154220	5.1	1.0	Bamberg Ottostraße	909	Bamberg Ottoheim	Bamberg Ottoheim	LINESTRING(10.896142 49.887416,10.896075100000001 49.88743100000001)
261	Bamberg	P+R Heinrichsdamm	de:09461:20151:0:1	49.885587	10.90217	bus	MATCHED	n460423643	83.6	1.0	Bamberg P+R Heinrichsdamm	909,918	Bamberg / Bamberg Höcherbühl / Bamberg Wilhelm Löhe Heim / Bamberg Oberer Stephansberg	Bamberg Marienplatz / Bamberg Wilhelmsplatz	LINESTRING(10.90217 49.885587,10.9026317 49.8848974)
262	Bamberg	P+R Heinrichsdamm	de:09461:20151:0:2	49.884938	10.902646	bus	MATCHED	n440659025	82.2	0.16	Bamberg P+R Heinrichsdamm	918,930,936	Bamberg ZOB/Willy-Lessing-Str. / Bamberg Marienplatz / Bamberg Wilhelmsplatz		LINESTRING(10.902646 49.884938,10.9021798 49.885613400000004)
263	Bamberg	P+R Heinrichsdamm	de:09461:20151:0:3	49.884672	10.902251	bus	MATCHED	n7148401910	8.2	0.74	Bamberg P+R Heinrichsdamm	930	Bamberg P+R Heinrichsdamm	Bamberg Höcherbühl	LINESTRING(10.902251 49.884672,10.902314200000001 49.88473320000001)
264	Bamberg	P+R Heinrichsdamm	de:09461:20151:0:4	49.885807	10.902152	bus	MATCHED	n8939078657	22.3	0.37	Bamberg P+R Heinrichsdamm	918	Bamberg, Bahnhof/Ludwigstr.		LINESTRING(10.902152 49.885807,10.902281100000002 49.8859891)
265	Bamberg	P+R Kronacher Str.	de:09461:20283:0:1	49.916687	10.8997	bus	MATCHED	n414021093	2.8	1.0	Bamberg P+R Kronacher Straße	914,935	Kramersfeld Kronacher Str. / Bamberg Breitenau	Bamberg Breitenau / Kronacher Straße	LINESTRING(10.8997 49.916687,10.899664300000001 49.9166978)
266	Bamberg	P+R Kronacher Str.	de:09461:20283:0:2	49.915686	10.898199	bus	MATCHED	n414021090	8.1	1.0	Bamberg P+R Kronacher Straße	914,931	Bamberg Gundelsheimer Str. / Bamberg, Bahnhof/Ludwigstr.	Bamberg Gundelsheimer Straße	LINESTRING(10.898199 49.915686,10.898221000000001 49.915757500000005)
267	Bamberg	Panzerleite	de:09461:20281:0:1	49.883225	10.879182	bus	MATCHED	n4990445895	86.5	1.0	Bamberg Panzerleite	908	Bamberg Auf dem Lerchenbühl		LINESTRING(10.879182 49.883225,10.8798747 49.883861)
268	Bamberg	Panzerleite	de:09461:20281:0:2	49.883271	10.879416	bus	MATCHED	n459644124	9.7	1.0	Bamberg Panzerleite	908	Bamberg Dorotheenstr.		LINESTRING(10.879416 49.883271,10.879499000000001 49.8833398)
269	Bamberg	Paradiesweg	de:09461:20280:0:1	49.873187	10.889099	bus	MATCHED_THOUGH_REVERSED_DIR	n375949945	135.3	1.0	Bamberg Paradiesweg	901,908,918,937	Bamberg Klinikum	Bamberg Hohe-Kreuz-Straße / Bamberg Hohes Kreuz / Bamberg Hohes Kreuz (Märkte)	LINESTRING(10.889099 49.873187,10.888412 49.8743196)
270	Bamberg	Paradiesweg	de:09461:20280:0:2	49.873465	10.88909	bus	MATCHED_THOUGH_REVERSED_DIR	n441161055	19.2	1.0	Bamberg Paradiesweg	901,908,918,937	Bamberg Hohe-Kreuz-Str. / Bamberg Hohes Kreuz (Märkte) / Debring Mitte / Bamberg Hohes Kreuz	Bamberg Klinikum	LINESTRING(10.88909 49.873465,10.888884800000001 49.8733547)
271	Bamberg	Pfisterstr.	de:09461:20284:0:1	49.895558	10.901793	bus	MATCHED	n469835281	17.2	1.0	Bamberg Pfisterstraße	922	Bamberg Plattengasse	Bamberg Plattengasse	LINESTRING(10.901793 49.895558,10.9019744 49.8954572)
272	Bamberg	Pfisterstr.	de:09461:20284:0:2	49.895564	10.902026	bus	MATCHED	n423836934	2.1	1.0	Bamberg Pfisterstraße	922	Bamberg Marienplatz	Bamberg Marienplatz	LINESTRING(10.902026 49.895564,10.9020291 49.8955454)
273	Bamberg	Pfisterstr.	de:09461:20284:0:3	49.896288	10.902412	bus	NO_MATCH_BUT_OTHER_PLATFORM_MATCHED					920,936	Bamberg Kloster-Langheim-Str.		POINT(10.902412 49.896288)
274	Bamberg	Pfisterstr.	de:09461:20284:0:4	49.896027	10.901882		MATCHED	n423832556	47.6	1.0	Bamberg Pfisterstraße			Bamberg Kloster-Langheim-Straße	LINESTRING(10.901882 49.896027,10.902401000000001 49.896292800000005)
275	Bamberg	Plattengasse	de:09461:20285:0:1	49.894343	10.904586	bus	MATCHED	n422574050	3.5	1.0	Bamberg Plattengasse	922	Bamberg Ulanen Kaserne	Bamberg Ulanenkaserne	LINESTRING(10.904586 49.894343,10.904538500000001 49.8943353)
276	Bamberg	Plattengasse	de:09461:20285:0:2	49.894268	10.90491	bus	MATCHED	n422633678	4.0	1.0	Bamberg Plattengasse	922	Bamberg Pfisterstr.	Bamberg Pfisterstraße	LINESTRING(10.90491 49.894268,10.9048598 49.894283200000004)
277	Bamberg	Promenade/ZOB	de:09461:20201:0:1+2	49.892763	10.892145		NO_MATCH_AND_SEEMS_UNSERVED								POINT(10.892145 49.892763)
278	Bamberg	Promenade/ZOB	de:09461:20201:0:R	49.89259	10.892252		NO_MATCH_AND_SEEMS_UNSERVED								POINT(10.892252 49.89259)
279	Bamberg	Promenade/ZOB	de:09461:20201:0:S	49.892422	10.892297		NO_MATCH_AND_SEEMS_UNSERVED								POINT(10.892297 49.892422)
280	Bamberg	Promenade/ZOB	de:09461:20201:0:T	49.89219	10.892378		NO_MATCH_AND_SEEMS_UNSERVED								POINT(10.892378 49.89219)
281	Bamberg	Pödeldorfer Str.	de:09461:20286:0:1	49.900714	10.911503	bus	MATCHED	n355505649	2.9	1.0	Bamberg Pödeldorfer Straße	902,923	Bamberg Stadion / Bamberg Wörthstr.	Bamberg Wörthstraße / Bamberg Stadion	LINESTRING(10.911503 49.900714,10.9114699 49.900729500000004)
282	Bamberg	Pödeldorfer Str.	de:09461:20286:0:2	49.901113	10.912662	bus	MATCHED	n661174014	4.6	1.0	Bamberg Pödeldorfer Straße	902,923,935	Bamberg Neuerbstr.	Bamberg Neuerbstraße	LINESTRING(10.912662 49.901113,10.9127196 49.901130800000004)
283	Bamberg	Regensburger Ring	de:09461:20311:0:1	49.900436	10.874996	bus	MATCHED	n301967629	1.9	1.0	Bamberg Regensburger Ring	906,916,925,938	Bamberg Frutolfstr. / Gaustadt Spinnerei	Bamberg Spinnerei	LINESTRING(10.874996 49.900436,10.8749705 49.9004416)
284	Bamberg	Regensburger Ring	de:09461:20311:0:2	49.900321	10.875032	bus	MATCHED	n301967628	7.1	1.0	Bamberg Regensburger Ring	906,916,925,938	Bamberg ZOB / Bamberg Löwenstr. / Bamberg Stadtwerke / Bamberg Mußstr.	Bamberg Mußstraße	LINESTRING(10.875032 49.900321,10.8749491 49.900286200000004)
285	Bamberg	Regensburger Ring	de:09461:20311:0:3	49.899852	10.876029		NO_MATCH_AND_SEEMS_UNSERVED								POINT(10.876029 49.899852)
286	Bamberg	Regensburger Ring	de:09461:20311:0:4	49.899806	10.875921		NO_MATCH_AND_SEEMS_UNSERVED								POINT(10.875921 49.899806)
287	Bamberg	Rheinstr.	de:09461:20313:0:1	49.912175	10.86542	bus	MATCHED	n349056409	1.7	1.0	Bamberg Rheinstraße	919	Bamberg Müllheizkraftwerk	Bamberg Müllheizkraftwerk	LINESTRING(10.86542 49.912175,10.8653966 49.912171300000004)
288	Bamberg	Rheinstr.	de:09461:20313:0:2	49.912065	10.86533	bus	MATCHED	n349056465	2.3	1.0	Bamberg Rheinstraße	919	Bamberg Mainstr.	Bamberg Mainstraße	LINESTRING(10.86533 49.912065,10.8653144 49.9120469)
289	Bamberg	Rheinstr. Ende	de:09461:20308:0:2	49.908623	10.851586	bus	MATCHED	n619056333	7.1	1.0	Bamberg Rheinstraße Ende	919	Bamberg Müllheizkraftwerk		LINESTRING(10.851586 49.908623,10.8515349 49.9085686)
290	Bamberg	Robert-Bosch-Str.	de:09461:20315:0:1	49.893678	10.91745	bus	MATCHED	n418428082	5.9	1.0	Bamberg Robert-Bosch-Straße	911,936	Sassanfahrt Zimmerberg / Bamberg Max-Planck-Str. / Amlingstadt / Erlach/Hirschaid P.-Werthm.-Pl	Strullendorf Abzweig Bahnhof / Bamberg Max-Planck-Straße / Amlingstadt / Sassanfahrt Zimmerberg	LINESTRING(10.91745 49.893678,10.917372 49.893660600000004)
291	Bamberg	Robert-Bosch-Str.	de:09461:20315:0:2	49.893585	10.916282	bus	MATCHED	n1701176056	9.8	1.0	Bamberg Robert-Bosch-Straße	911	Strullendorf Abzw. Bahnhof / Bamberg Moosstr. / Bamberg G-Stauffenberg-Schulen / Bamberg G-Stauffenberg-Schulen / Steppach Abzw. Pommersfelden	Bamberg Moosstraße / Bamberg Graf-Stauffenberg-Schulen	LINESTRING(10.916282 49.893585,10.9161532 49.893615100000005)
292	Bamberg	Rodelbahn	de:09461:20316:0:1	49.870611	10.902835	bus	MATCHED	n454274783	3.0	1.0	Bamberg Rodelbahn	918	Bug Mitte	Bamberg Bug Mitte	LINESTRING(10.902835 49.870611,10.9028194 49.87058630000001)
293	Bamberg	Rodelbahn	de:09461:20316:0:2	49.87053	10.902583	bus	MATCHED	n454274778	6.8	1.0	Bamberg Rodelbahn	918	Bamberg In der Warth	Bamberg In der Warth	LINESTRING(10.902583 49.87053,10.902651200000001 49.870572800000005)
294	Bamberg	Rothofer Str.	de:09461:20314:0:2	49.90017	10.85243		NO_MATCH_AND_SEEMS_UNSERVED								POINT(10.85243 49.90017)
295	Bamberg	Rothofer Str.	de:09461:20314:0:3	49.90024	10.852179	bus	MATCHED	n681605417	1.1	1.0	Bamberg Rothofer Straße	916	Bamberg Krötleinstr.	Bamberg Krötleinstraße	LINESTRING(10.852179 49.90024,10.8521686 49.9002332)
296	Bamberg	Rothofer Str.	de:09461:20314:0:4	49.900188	10.852233	bus	MATCHED	n681605418	2.5	1.0	Bamberg Rothofer Straße	916,938	Bamberg Seewiesenstr.	Bamberg Seewiesenstraße	LINESTRING(10.852233 49.900188,10.852256200000001 49.9001716)
297	Bamberg	Sandstr.	de:09461:20332:0:1	49.895882	10.877511	bus	MATCHED	n429779641	9.8	1.0	Bamberg Sandstraße	916	Bamberg Schweinfurter Str.	Bamberg Schweinfurter Straße	LINESTRING(10.877511 49.895882,10.877556 49.895798400000004)
298	Bamberg	Sandstr.	de:09461:20332:0:2	49.896044	10.877062	bus	MATCHED	n429779642	9.0	1.0	Bamberg Sandstraße	916	Bamberg Stadtarchiv	Bamberg Stadtarchiv	LINESTRING(10.877062 49.896044,10.876953 49.89608440000001)
299	Bamberg	Schellenbergerstr.	de:09461:20339:0:1	49.880001	10.889818	bus	MATCHED	n475298573	7.0	1.0	Bamberg Schellenbergerstraße	918	Bamberg Oberer Stephansberg	Bamberg Oberer Stephansberg	LINESTRING(10.889818 49.880001,10.8898971 49.8799641)
300	Bamberg	Schellenbergerstr.	de:09461:20339:0:2	49.879654	10.890411	bus	MATCHED	n4985131759	4.8	1.0	Bamberg Schellenbergerstraße	918	Bamberg Höcherbühl	Bamberg Höcherbühl	LINESTRING(10.890411 49.879654,10.8903663 49.879685800000004)
301	Bamberg	Schildstr.	de:09461:20338:0:1	49.892908	10.910452		MATCHED	n2586971075	11.7	1.0	Bamberg Schildstraße				LINESTRING(10.910452 49.892908,10.910377800000001 49.893001700000006)
302	Bamberg	Schildstr.	de:09461:20338:0:2	49.893087	10.910174		MATCHED	n2586971079	14.0	1.0	Bamberg Schildstraße				LINESTRING(10.910174 49.893087,10.9103636 49.893058)
303	Bamberg	Schillerplatz	de:09461:20333:0:1	49.890118	10.892297	bus	MATCHED	n448411142	11.0	1.0	Bamberg Schillerplatz	901,908,912,937	Bamberg Schranne	Bamberg Schranne	LINESTRING(10.892297 49.890118,10.892145600000001 49.8901011)
304	Bamberg	Schillerplatz	de:09461:20333:0:2	49.889858	10.891471	bus	MATCHED	n1606099243	1.7	1.0	Bamberg Schillerplatz	901,908,910,912,923,937	Bamberg Wilhelmsplatz / Bamberg Wilhelmsplatz / Bamberg Schönleinsplatz	Bamberg Schönleinsplatz	LINESTRING(10.891471 49.889858,10.891464000000001 49.8898438)
305	Bamberg	Schillerplatz	de:09461:20333:0:3	49.89009	10.89139	bus	MATCHED	n5365714551	10.1	0.54	Bamberg Schillerplatz	908,910,912,923	Bamberg Schranne / Bamberg Wildensorg Mitte	Schönbornstraße (Hainbadestelle)	LINESTRING(10.89139 49.89009,10.8912876 49.890027700000005)
306	Bamberg	Schranne	de:09461:20230:0:1	49.890252	10.886225	bus	MATCHED	n448163460	10.2	1.0	Bamberg Schranne	901,908,912,937	Bamberg Schulplatz / Bamberg Laurenziplatz	Bamberg Schulplatz / Burgebrach Am Sportplatz / Bamberg ZOB/Promenade / Burgebrach Busbahnhof / Bamberg Laurenziplatz	LINESTRING(10.886225 49.890252,10.886188200000001 49.8903407)
307	Bamberg	Schranne	de:09461:20230:0:2	49.89009	10.886306	bus	MATCHED	n448163461	4.6	1.0	Bamberg Schranne	901,908,910,912,916,937	Bamberg ZOB / Bamberg Schillerplatz / Bamberg ZOB/Willy-Lessing-Str.	Bamberg ZOB (Willy-Lessing-Straße) / Bamberg Schillerplatz	LINESTRING(10.886306 49.89009,10.8863236 49.8900505)
308	Bamberg	Schulplatz	de:09461:20340:0:1	49.889366	10.883898	bus	MATCHED	n450686216	2.7	1.0	Bamberg Schulplatz	901,908,912,937	Bamberg Maternstr. / Bamberg Laurenzistr.	Bamberg Laurenzistraße	LINESTRING(10.883898 49.889366,10.883883500000001 49.889388200000006)
309	Bamberg	Schulplatz	de:09461:20340:0:2	49.889111	10.88344	bus	MATCHED	n450686215	4.5	1.0	Bamberg Schulplatz	901,908,912,937	Bamberg Schranne	Bamberg Schranne	LINESTRING(10.88344 49.889111,10.8834418 49.8890704)
310	Bamberg	Schweinfurter Str.	de:09461:20345:0:1	49.899389	10.872669	bus	MATCHED	n429779724	3.7	1.0	Bamberg Schweinfurter Straße	916	Bamberg Frutolfstr.	Bamberg Frutolfstraße	LINESTRING(10.872669 49.899389,10.872664200000001 49.899355500000006)
311	Bamberg	Schweinfurter Str.	de:09461:20345:0:2	49.899661	10.872022	bus	MATCHED	n429779723	7.0	1.0	Bamberg Schweinfurter Straße	906,916	Bamberg Sandstr.	Bamberg Stadtarchiv / Bamberg Sandstraße	LINESTRING(10.872022 49.899661,10.8719988 49.8996001)
312	Bamberg	Schönleinsplatz	de:09461:20343:0:2	49.891866	10.89325	bus	MATCHED	n446019454	0.6	1.0	Bamberg Schönleinsplatz	905,918,922	Bamberg ZOB		LINESTRING(10.89325 49.891866,10.893253600000001 49.8918711)
313	Bamberg	Schönleinsplatz	de:09461:20343:0:4	49.891073	10.892944	bus	MATCHED	n446771937	0.9	1.0	Bamberg Schönleinsplatz	901,908,909,910,912,937	Bamberg ZOB / Bamberg ZOB	Bamberg ZOB	LINESTRING(10.892944 49.891073,10.892954600000001 49.891068600000004)
314	Bamberg	Seehofstr.	de:09461:20346:0:1	49.912898	10.916579	bus	MATCHED	n366320362	3.1	1.0	Bamberg Seehofstraße	915,935	Bamberg Gartenstadt Schule	Bamberg Gartenstadt Schule	LINESTRING(10.916579 49.912898,10.916543200000001 49.912882700000004)
315	Bamberg	Seehofstr.	de:09461:20346:0:2	49.913031	10.917127	bus	MATCHED	n366320366	6.4	1.0	Bamberg Seehofstraße	915	Bamberg Breitenau	Bamberg Breitenau	LINESTRING(10.917127 49.913031,10.9172159 49.9130376)
316	Bamberg	Seehofstr.	de:09461:20346:0:3	49.913905	10.916516		NO_MATCH_AND_SEEMS_UNSERVED								POINT(10.916516 49.913905)
317	Bamberg	Seehofstr.	de:09461:20346:0:4	49.913795	10.916112		NO_MATCH_AND_SEEMS_UNSERVED								POINT(10.916112 49.913795)
318	Bamberg	Seewiesenstr.	de:09461:20344:0:1	49.901478	10.853715	bus	MATCHED	n457552914	2.1	1.0	Bamberg Seewiesenstraße	916	Bamberg Rothofer Str.	Bamberg Rothofer Straße	LINESTRING(10.853715 49.901478,10.853737200000001 49.901466400000004)
319	Bamberg	Seewiesenstr.	de:09461:20344:0:2	49.901542	10.853957	bus	MATCHED	n457552916	4.4	1.0	Bamberg Seewiesenstraße	916,938	Bamberg Heßlergasse	Bamberg Heßlergasse	LINESTRING(10.853957 49.901542,10.8539972 49.9015714)
320	Bamberg	Seinsheimstr.	de:09461:20349:0:2	49.911151	10.924852	bus	MATCHED	n370636060	6.1	1.0	Bamberg Seinsheimstraße	901	Bamberg Kunigundenkirche	Bamberg Kunigundenkirche	LINESTRING(10.924852 49.911151,10.9249162 49.9111156)
321	Bamberg	Siemensstr.	de:09461:20350:0:2	49.889812	10.92328	bus	MATCHED	n394841128	4.7	1.0	Bamberg Siemensstraße	911,936	Bamberg Gereuthstr. / Bamberg Berliner Ring	Bamberg Gereuthstraße / Bamberg Berliner Ring	LINESTRING(10.92328 49.889812,10.923342600000002 49.889822900000006)
322	Bamberg	Sodenstr.	de:09461:20348:0:2	49.885118	10.898271	bus	MATCHED	n446763514	3.4	1.0	Bamberg Sodenstraße	909	Bamberg Ottostr.	Bamberg Ottostraße	LINESTRING(10.898271 49.885118,10.8982718 49.8851486)
323	Bamberg	Spinnseyer	de:09461:20353:0:1	49.91531	10.918618		NO_MATCH_AND_SEEMS_UNSERVED								POINT(10.918618 49.91531)
324	Bamberg	Spinnseyer	de:09461:20353:0:2	49.915345	10.918537	bus	MATCHED	n366344752	4.2	1.0	Bamberg Spinnseyer	901	Bamberg Gartenstadt Schule	Bamberg Gartenstadt Schule	LINESTRING(10.918537 49.915345,10.918559400000001 49.915379900000005)
325	Bamberg	St. Urban	de:09461:20355:0:2	49.876036	10.877053	bus	MATCHED	n457855428	6.4	1.0	Bamberg St. Urban	908,912	Bamberg Hezilostr.	Bamberg Hezilostraße	LINESTRING(10.877053 49.876036,10.877125300000001 49.8760029)
326	Bamberg	St. Urban	de:09461:20355:0:42	49.875972	10.877035		NO_MATCH_AND_SEEMS_UNSERVED								POINT(10.877035 49.875972)
327	Bamberg	Stadion	de:09461:20356:0:1	49.901455	10.925409	bus	MATCHED	n353927706	2.8	1.0	Bamberg Stadion	970	Bamberg Birkenallee / Kunigundenruh	Kunigundenruh / Bamberg Birkenallee	LINESTRING(10.925409 49.901455,10.925445400000001 49.9014649)
328	Bamberg	Stadion	de:09461:20356:0:2	49.901756	10.925805	bus	MATCHED	n353927708	14.8	1.0	Bamberg Stadion	970	Bamberg Adam-Krafft-Str. / Bamberg Kloster-Langheim-Str. / Bamberg ZOB / Bamberg / Bamberg Kantstr. / Bamberg, Bahnhof/Post	Bamberg Kloster-Langheim-Straße / Bamberg Bahnhof/Atrium / Bamberg Adam-Krafft-Straße	LINESTRING(10.925805 49.901756,10.9256004 49.901770600000006)
329	Bamberg	Stadion	de:09461:20356:0:4	49.901738	10.924107		MATCHED	n9022125865	122.7	0.05	Bamberg Bambados				LINESTRING(10.924107 49.901738,10.9234799 49.9007118)
330	Bamberg	Stadtarchiv	de:09461:20357:0:1	49.894297	10.88044	bus	MATCHED	n4520806334	6.3	1.0	Bamberg Stadtarchiv	994	Gaustadt Spinnerei / Bamberg Sandstr.	Bamberg Spinnerei / Bamberg Sandstraße	LINESTRING(10.88044 49.894297,10.8804279 49.8942412)
331	Bamberg	Stadtarchiv	de:09461:20357:0:2	49.894222	10.880323	bus	MATCHED	n429779608	2.3	1.0	Bamberg Stadtarchiv	994,995	Bamberg Markusplatz / Bamberg Elisabethenstr.	Bamberg Domplatz / Bamberg Elisabethenstraße / Bamberg Markusplatz	LINESTRING(10.880323 49.894222,10.8803395 49.8942039)
332	Bamberg	Stadtwerke	de:09461:20136:0:1	49.90157	10.885066	bus	MATCHED	n4258449718	6.4	1.0	Bamberg Stadtwerke	957	Bamberg Ottokirche / Bamberg Ottokirche / Bamberg Ottokirche	Bamberg Ottokirche	LINESTRING(10.885066 49.90157,10.885151700000002 49.9015551)
333	Bamberg	Stadtwerke	de:09461:20136:0:2	49.901605	10.884284	bus	MATCHED	n4258449720	1.5	1.0	Bamberg Stadtwerke	925	Bamberg Regensburger Ring		LINESTRING(10.884284 49.901605,10.8842687 49.901613600000005)
334	Bamberg	Stadtwerke	de:09461:20136:0:3	49.900662	10.884617		NO_MATCH_AND_SEEMS_UNSERVED								POINT(10.884617 49.900662)
335	Bamberg	Staffelbergweg	de:09461:20358:0:2	49.8775	10.879505		NO_MATCH_AND_SEEMS_UNSERVED								POINT(10.879505 49.8775)
336	Bamberg	Staffelbergweg	de:09461:20358:0:4	49.878247	10.878742	bus	MATCHED	n457853395	25.9	1.0	Bamberg Staffelbergweg	937	Bamberg Hezilostr.	Bamberg Hezilostraße	LINESTRING(10.878742 49.878247,10.878387100000001 49.8782063)
337	Bamberg	Stauffenbergstr.	de:09461:20360:0:2	49.910399	10.9216	bus	MATCHED	n370623799	4.2	1.0	Bamberg Stauffenbergstraße	901	Bamberg Ferdinand-Tietz-Str.		LINESTRING(10.9216 49.910399,10.921550600000002 49.910419600000004)
338	Bamberg	Steinberg	de:09461:20359:0:1	49.907183	10.846187	bus	MATCHED	n353283740	1.7	1.0	Bischberg Steinberg	906	Bischberg (Lkr BA) Röthelbach	Bischberg (Lkr BA)Röthelbach	LINESTRING(10.846187 49.907183,10.8462066 49.9071751)
339	Bamberg	Steinberg	de:09461:20359:0:2	49.906992	10.846798	bus	MATCHED	n353283739	11.5	1.0	Bischberg Steinberg	906	Gaustadt Friedhof	Bamberg Gaustadt Friedhof	LINESTRING(10.846798 49.906992,10.8469224 49.9069267)
340	Bamberg	Storchsgasse	de:09461:20361:0:2	49.892208	10.875346	bus	MATCHED	n457341483	1.8	1.0	Bamberg Storchsgasse	910	Bamberg Wildensorger Str. / Bamberg Jakobsplatz	Bamberg Jakobsplatz	LINESTRING(10.875346 49.892208,10.875320700000001 49.8922071)
341	Bamberg	Strullendorfer Str.	de:09461:20363:0:2	49.878554	10.929308	bus	MATCHED	n497194689	7.7	1.0	Bamberg Strullendorfer Straße	922	Bamberg Von-Ketteler Str.		LINESTRING(10.929308 49.878554,10.9292317 49.8786021)
342	Bamberg	Synagogenplatz	de:09461:20362:0:2	49.890078	10.896196	bus	MATCHED	n6116204825	10.5	1.0	Bamberg Synagogenplatz	909	Bamberg Dientzenhoferstr.	Bamberg Dientzenhoferstraße	LINESTRING(10.896196 49.890078,10.8961284 49.890162000000004)
343	Bamberg	Thorackerstr.	de:09461:20382	49.910665	10.882164		NO_MATCH_AND_SEEMS_UNSERVED								POINT(10.882164 49.910665)
344	Bamberg	Titusstr.	de:09461:20383:0:1	49.899997	10.865043	bus	MATCHED	n452425861	4.2	1.0	Bamberg Titusstraße	916	Bamberg Cherbonhof	Bamberg Cherbonhof	LINESTRING(10.865043 49.899997,10.865083400000001 49.900024900000005)
345	Bamberg	Titusstr.	de:09461:20383:0:2	49.899557	10.866085	bus	MATCHED	n452425615	5.1	1.0	Bamberg Titusstraße	916,938	Bamberg Frutolfstr.	Bamberg Frutolfstraße	LINESTRING(10.866085 49.899557,10.866025200000001 49.899582)
346	Bamberg	Torschuster	de:09461:20384:0:1	49.891172	10.878257		MATCHED	n441269804	10.1	1.0	Bamberg Torschuster			Bamberg Michelsberg	LINESTRING(10.878257 49.891172,10.878256100000002 49.8912625)
347	Bamberg	Ulanen Kaserne	de:09461:20392:0:1	49.892584	10.907695	bus	MATCHED	n422633534	9.0	1.0	Bamberg Ulanenkaserne	922	Bamberg Geisfelder Str.	Bamberg Geisfelder Straße	LINESTRING(10.907695 49.892584,10.907573600000001 49.8926031)
348	Bamberg	Ulanen Kaserne	de:09461:20392:0:2	49.892561	10.907955	bus	MATCHED	n422633387	11.7	1.0	Bamberg Ulanenkaserne	922	Bamberg Plattengasse	Bamberg Plattengasse	LINESTRING(10.907955 49.892561,10.907850100000001 49.8926415)
349	Bamberg	Universität	de:09461:20395:0:1	49.906882	10.90588	bus	MATCHED	n6327201319	12.4	1.0	Bamberg Universität/Feki	931	Bamberg Feldkirchenstr.	Bamberg Feldkirchenstraße	LINESTRING(10.90588 49.906882,10.9059582 49.9067821)
350	Bamberg	Universität	de:09461:20395:0:2	49.906847	10.905772	bus	MATCHED	n2481264674	5.8	1.0	Bamberg Universität/Feki	931	Bamberg Kloster-Banz-Str.	Bamberg Kloster-Banz-Straße	LINESTRING(10.905772 49.906847,10.905709100000001 49.9068799)
351	Bamberg	Villa Remeis	de:09461:20415:0:1	49.891166	10.869148		MATCHED	n447812992	24.5	1.0	Bamberg Villa Remeis				LINESTRING(10.869148 49.891166,10.8689751 49.8909764)
352	Bamberg	Villa Remeis	de:09461:20415:0:2	49.891039	10.86913	bus	MATCHED	n447812993	6.1	1.0	Bamberg Villa Remeis	910	Bamberg Klinikum Michelsberg		LINESTRING(10.86913 49.891039,10.869098000000001 49.890988500000006)
353	Bamberg	Von-Ketteler Str.	de:09461:20412:0:1	49.883005	10.920684	bus	MATCHED	n455404977	2.7	1.0	Bamberg von-Ketteler-Straße	922	Bamberg Gutenbergstr.	Bamberg Gutenbergstraße	LINESTRING(10.920684 49.883005,10.9206958 49.882981900000004)
354	Bamberg	Von-Ketteler Str.	de:09461:20412:0:2	49.883023	10.920774	bus	MATCHED	n455404982	4.7	1.0	Bamberg von-Ketteler-Straße	922	Bamberg Nürnberger Str.	Bamberg Nürnberger Straße	LINESTRING(10.920774 49.883023,10.920838 49.883016600000005)
355	Bamberg	Waizendorfer Str.	de:09461:20432:0:1	49.873714	10.882003	bus	MATCHED	n481077120	2.8	1.0	Bamberg Waizendorfer Straße	908,912	Debring Mitte / Bamberg St. Urban	Bamberg St. Urban / Debring Mitte	LINESTRING(10.882003 49.873714,10.8819792 49.873693900000006)
356	Bamberg	Waizendorfer Str.	de:09461:20432:0:2	49.873494	10.881922	bus	MATCHED	n481077118	7.5	1.0	Bamberg Waizendorfer Straße	908,912,937	Bamberg Hohes Kreuz (Märkte)	Bamberg Hohes Kreuz (Märkte)	LINESTRING(10.881922 49.873494,10.8820023 49.8734504)
357	Bamberg	Weide	de:09461:20434	49.896606	10.882425		MATCHED	n771212921	82.2	0.05	Bamberg Markusplatz			Bamberg Spinnerei	LINESTRING(10.882425 49.896606,10.883329600000001 49.89615310000001)
358	Bamberg	Weißenburger Str.	de:09461:20435	49.901027	10.912474		NO_MATCH_AND_SEEMS_UNSERVED								POINT(10.912474 49.901027)
359	Bamberg	Weißenburgstr.	de:09461:20437:0:1	49.905713	10.911387	bus	MATCHED	n352673224	2.7	1.0	Bamberg Weißenburgstraße	901,935	Bamberg Kantstr. / Bamberg Lagarde Kaserne	Bamberg Kantstraße / Bamberg Lagarde Kaserne	LINESTRING(10.911387 49.905713,10.9113672 49.9056921)
360	Bamberg	Weißenburgstr.	de:09461:20437:0:2	49.905887	10.911746	bus	MATCHED	n352673223	17.7	1.0	Bamberg Weißenburgstraße	901	Bamberg Kloster-Banz-Str.	Bamberg Kloster-Banz-Straße	LINESTRING(10.911746 49.905887,10.911955800000001 49.9059706)
361	Bamberg	Wiesend Schule	de:09461:20441	49.880424	10.885192		NO_MATCH_AND_SEEMS_UNSERVED								POINT(10.885192 49.880424)
362	Bamberg	Wildensorg Mitte	de:09461:20439:0:1	49.878172	10.860847		MATCHED	n530685656	29.0	1.0	Bamberg Wildensorg Mitte				LINESTRING(10.860847 49.878172,10.8604483 49.8781327)
363	Bamberg	Wildensorg Mitte	de:09461:20439:0:2	49.878305	10.86082	bus	NO_MATCH_BUT_OTHER_PLATFORM_MATCHED					910	Bamberg Eichelseeweg		POINT(10.86082 49.878305)
364	Bamberg	Wildensorger Str.	de:09461:20442:0:1	49.887005	10.86692	bus	MATCHED	n495231998	7.1	1.0	Bamberg Wildensorger Straße	910	Bamberg Carl-Schmolz-Weg		LINESTRING(10.86692 49.887005,10.8668221 49.8869996)
365	Bamberg	Wildensorger Str.	de:09461:20442:0:2	49.88686	10.866785	bus	MATCHED	n495231999	9.6	1.0	Bamberg Wildensorger Straße	910	Bamberg Am Bundleshof		LINESTRING(10.866785 49.88686,10.8666771 49.8868084)
366	Bamberg	Wilhelm Löhe Heim	de:09461:20443:0:2	49.882658	10.900777	bus	MATCHED	n4976187905	2.2	1.0	Bamberg Wilhelm-Löhe-Heim	909	Bamberg Sodenstr.		LINESTRING(10.900777 49.882658,10.900801900000001 49.882645800000006)
367	Bamberg	Wilhelmsplatz	de:09461:20440:0:3	49.891658	10.897741	bus	NO_MATCH_BUT_OTHER_PLATFORM_MATCHED					901,923	Bamberg, Bahnhof/Ludwigstr. / Bamberg, Bahnhof/Post		POINT(10.897741 49.891658)
368	Bamberg	Wilhelmsplatz	de:09461:20440:0:6	49.891947	10.897229	bus	NO_MATCH_BUT_OTHER_PLATFORM_MATCHED					905,920,922,923	Bamberg Marienbrücke / Bamberg Marienplatz		POINT(10.897229 49.891947)
369	Bamberg	Wilhelmsplatz	de:09461:20440:0:A	49.89237	10.897103	bus	MATCHED	n446864742	0.4	1.0	Bamberg Wilhelmsplatz	905,918,920,922,930,936	Bamberg P+R Heinrichsdamm / Bamberg P+R Heinrichsdamm / Bamberg Marienbrücke / Bamberg Marienplatz / Bamberg P+R Heinrichsdamm	Bamberg Marienbrücke / Bamberg Marienplatz / Bamberg P+R Heinrichsdamm	LINESTRING(10.897103 49.89237,10.897108300000001 49.8923709)
370	Bamberg	Wilhelmsplatz	de:09461:20440:0:B	49.891693	10.897562	bus	MATCHED	n659772957	0.3	1.0	Bamberg Wilhelmsplatz	940	Bamberg P+R Heinrichsdamm / Bamberg ZOB / Bamberg P+R Heinrichsdamm / Bamberg Am Kranen / Bamberg Schillerplatz / Bamberg Schillerplatz / Bamberg Schönleinsplatz	Bamberg Am Kranen / Bamberg Schönleinsplatz	LINESTRING(10.897562 49.891693,10.8975656 49.8916909)
371	Bamberg	Wilhelmsplatz	de:09461:20440:0:C	49.892561	10.897238	bus	MATCHED	n440670775	16.8	0.6	Bamberg Wilhelmsplatz	920,936	Bamberg ZOB		LINESTRING(10.897238 49.892561,10.8974431 49.892488400000005)
372	Bamberg	Wolfgangsplatz	de:09461:20445:0:2	49.886403	10.911988	bus	MATCHED	n440068716	36.7	1.0	Bamberg Wolfgangsplatz	905	Bamberg Gereuthstr.	Bamberg Gereuthstraße	LINESTRING(10.911988 49.886403,10.9122977 49.886141)
373	Bamberg	Wunderburg	de:09461:20447:0:1	49.890211	10.904685	bus	MATCHED	n701218991	4.6	1.0	Bamberg Wunderburg	905	Bamberg Friedrich-Ebert-Str.	Bamberg Friedrich-Ebert-Straße	LINESTRING(10.904685 49.890211,10.9046307 49.8901892)
374	Bamberg	Wunderburg	de:09461:20447:0:2	49.889916	10.905089	bus	MATCHED	n428467420	6.3	1.0	Bamberg Wunderburg	905,936	Bamberg Gönnerstr.	Bamberg Gönnerstraße	LINESTRING(10.905089 49.889916,10.9050439 49.8898669)
375	Bamberg	Wunderburg	de:09461:20447:0:4	49.890749	10.907165		NO_MATCH_AND_SEEMS_UNSERVED								POINT(10.907165 49.890749)
376	Bamberg	Wunderburgschule	de:09461:20448:0:2	49.890749	10.907165		MATCHED	n422702863	2.5	1.0	Bamberg Wunderburgschule				LINESTRING(10.907165 49.890749,10.9071336 49.8907596)
377	Bamberg	Wörthstr.	de:09461:20446:0:1	49.90138	10.917289	bus	MATCHED	n354954964	10.5	1.0	Bamberg Wörthstraße	902,923	Bamberg Adam-Krafft-Str.	Bamberg Adam-Krafft-Straße	LINESTRING(10.917289 49.90138,10.917428000000001 49.9013494)
378	Bamberg	Wörthstr.	de:09461:20446:0:2	49.901403	10.916929	bus	MATCHED	n661174022	2.6	1.0	Bamberg Wörthstraße	902,923,935	Bamberg Pödeldorfer Str.	Bamberg Pödeldorfer Straße	LINESTRING(10.916929 49.901403,10.9168926 49.901402600000004)
379	Bamberg	Würzb. Str.	de:09461:20449:0:1	49.879167	10.883718	bus	MATCHED	n471095275	3.8	1.0	Bamberg Würzburger Straße	901,908,912,918,937	Bamberg Hohes Kreuz / Bamberg Auf dem Lerchenbühl	Bamberg Auf dem Lerchenbühl / Bamberg Hohes Kreuz	LINESTRING(10.883718 49.879167,10.8836671 49.879177000000006)
380	Bamberg	Würzb. Str.	de:09461:20449:0:2	49.879723	10.883566	bus	MATCHED	n459666689	12.4	1.0	Bamberg Würzburger Straße	901,908,912,937	Bamberg Laurenziplatz	Bamberg Schulplatz / Bamberg Laurenziplatz	LINESTRING(10.883566 49.879723,10.883538000000001 49.8798327)
381	Bamberg	Würzb. Str.	de:09461:20449:0:3	49.878965	10.882955	bus	MATCHED	n4990445887	1.8	0.75	Bamberg Würzburger Straße	908	Bamberg Hohes Kreuz		LINESTRING(10.882955 49.878965,10.882972200000001 49.878953800000005)
382	Bamberg	Würzb. Str.	de:09461:20449:0:4	49.879075	10.882991	bus	MATCHED	n4990445888	1.1	0.79	Bamberg Würzburger Straße	908	Bamberg Auf dem Lerchenbühl		LINESTRING(10.882991 49.879075,10.882986200000001 49.8790847)
383	Bamberg	ZOB	de:09461:20200:0:A	49.893406	10.891821	bus	MATCHED	n667762544	2.4	0.9	Bamberg ZOB	901	Bamberg Luitpoldstr.	Bamberg Luitpoldstraße	LINESTRING(10.891821 49.893406,10.8918093 49.8933861)
384	Bamberg	ZOB	de:09461:20200:0:An	49.893788	10.891965	bus	NO_MATCH_BUT_OTHER_PLATFORM_MATCHED					901,902,904,905,906,907,908,909,910,911,912,914,915,916,917,918,920,922,930,931,935,936,937,938			POINT(10.891965 49.893788)
385	Bamberg	ZOB	de:09461:20200:0:B	49.893579	10.891857	bus	MATCHED	n667941838	19.6	1.0	Bamberg ZOB	902	Bamberg Luitpoldstr.		LINESTRING(10.891857 49.893579,10.8918792 49.893755000000006)
386	Bamberg	ZOB	de:09461:20200:0:C	49.893747	10.891884	bus	MATCHED	n660962058	8.5	1.0	Bamberg ZOB	911,935	Bamberg Luitpoldstr.		LINESTRING(10.891884 49.893747,10.8918877 49.8938234)
387	Bamberg	ZOB	de:09461:20200:0:D	49.893921	10.891902	bus	MATCHED	n664387490	10.6	1.0	Bamberg ZOB	905,936	Bamberg Wilhelmsplatz		LINESTRING(10.891902 49.893921,10.8919312 49.8940144)
388	Bamberg	ZOB	de:09461:20200:0:E	49.894071	10.891947	bus	MATCHED	n664391503	6.1	1.0	Bamberg ZOB	910	Bamberg Lange Str.		LINESTRING(10.891947 49.894071,10.8919732 49.894123500000006)
389	Bamberg	ZOB	de:09461:20200:0:F	49.894025	10.89183	bus	MATCHED	n664436417	21.4	1.0	Bamberg ZOB	901,908,912,918	Bamberg Wilhelmsplatz / Bamberg Schillerplatz	Bamberg Schillerplatz	LINESTRING(10.89183 49.894025,10.8919774 49.8941918)
390	Bamberg	ZOB	de:09461:20200:0:G	49.89388	10.891785	bus	MATCHED	n663317455	3.6	1.0	Bamberg ZOB	906,938	Bamberg Lange Str.		LINESTRING(10.891785 49.89388,10.8917958 49.893912)
391	Bamberg	ZOB	de:09461:20200:0:H	49.89373	10.891731	bus	MATCHED	n667269947	7.3	1.0	Bamberg ZOB	904,937,957	Bamberg Lange Str. / Bamberg Schillerplatz / Bamberg Am Kranen		LINESTRING(10.891731 49.89373,10.8917789 49.893787800000005)
392	Bamberg	ZOB	de:09461:20200:0:I	49.893597	10.891678	bus	MATCHED	n659772955	7.7	1.0	Bamberg ZOB	916,923	Bamberg Luitpoldstr. / Bamberg Lange Str.	Bamberg Am Kranen / Bamberg Bahnhof/Ludwigstraße	LINESTRING(10.891678 49.893597,10.8917128 49.893662600000006)
393	Bamberg	ZOB	de:09461:20200:0:K	49.893458	10.891615	bus	MATCHED	n659849758	1.2	1.0	Bamberg ZOB	909,920	Bamberg Wilhelmsplatz / Bamberg Synagogenplatz		LINESTRING(10.891615 49.893458,10.8916188 49.8934681)
394	Bamberg	ZOB	de:09461:20200:0:L	49.89421	10.892306		MATCHED	n655127465	38.2	1.0	Bamberg ZOB				LINESTRING(10.892306 49.89421,10.8928361 49.8942313)
395	Bamberg	ZOB	de:09461:20200:0:N	49.893035	10.892774	bus	MATCHED	n666970197	2.3	1.0	Bamberg ZOB	922	Bamberg Wilhelmsplatz		LINESTRING(10.892774 49.893035,10.8928046 49.893040600000006)
396	Bamberg	ZOB	de:09461:20200:0:O	49.893082	10.892522	bus	MATCHED	n666736299	1.5	1.0	Bamberg ZOB	927,931	Bamberg Luitpoldstr.		LINESTRING(10.892522 49.893082,10.8925423 49.8930779)
397	Bamberg	ZOB	de:09461:20200:0:P	49.893116	10.892243	bus	MATCHED	n666721638	0.7	1.0	Bamberg ZOB	907,914,915,917	Bamberg Lange Str. / Bamberg Luitpoldstr.		LINESTRING(10.892243 49.893116,10.892236800000001 49.8931206)
398	Bamberg	ZOB	de:09461:20200:0:Q	49.893047	10.891992	bus	MATCHED	n665065446	23.1	1.0	Bamberg ZOB	930	Bamberg Wilhelmsplatz		LINESTRING(10.891992 49.893047,10.8920986 49.8928506)
399	Bamberg	ZOB	de:09461:20200:0:R	49.89259	10.892252	bus	MATCHED	n679683547	1.7	1.0	Bamberg ZOB/Promenade	963,989,991	Bamberg Schranne / Bamberg P+R Heinrichsdamm	Bamberg Schranne / Frensdorf Schule / Bamberg Laurenziplatz / Stappenbach Ortsmitte	LINESTRING(10.892252 49.89259,10.892252500000001 49.892605100000004)
400	Bamberg	ZOB	de:09461:20200:0:S	49.892428	10.892297	bus	MATCHED	n679683548	3.4	1.0	Bamberg ZOB/Promenade	969,975,978,980,983	Bamberg Schranne / Bamberg	Bamberg Schranne	LINESTRING(10.892297 49.892428,10.8923435 49.892430600000004)
401	Bamberg	ZOB	de:09461:20200:0:T	49.89219	10.892369	bus	MATCHED	n679683543	6.6	1.0	Bamberg ZOB/Promenade	970,994	Bamberg, Bahnhof/Post / Bamberg Stadion / Bamberg Am Kranen	Bamberg Stadion / Bamberg Am Kranen / Bamberg Kloster-Langheim-Straße	LINESTRING(10.892369 49.89219,10.8924021 49.8922456)
402	Bamberg	ZOB	de:09461:20200:0:ZOB1	49.892705	10.893007		NO_MATCH_AND_SEEMS_UNSERVED								POINT(10.893007 49.892705)
403	Bamberg	ZOB	de:09461:20200:0:ZOB2	49.893163	10.892935		NO_MATCH_AND_SEEMS_UNSERVED								POINT(10.892935 49.893163)
404	Bamberg	ZOB Gericht	de:09461:20199:0:1	49.894181	10.893384	bus	MATCHED	n10628547205	10.1	0.55	Bamberg ZOB (Gericht)	923	Bamberg ZOB	Bamberg ZOB	LINESTRING(10.893384 49.894181,10.893411 49.894269800000004)
405	Bamberg	ZOB/Willy-Lessing-Str.	de:09461:20444:0:1	49.892705	10.892989	bus	MATCHED	n4562951492	0.3	1.0	Bamberg ZOB (Willy-Lessing-Straße)	940,941,952,975,978,979,983,989,991,995	Bamberg Aussegnungshalle / Bamberg Am Kranen / Bamberg / Bamberg Markusplatz / Bamberg, Bahnhof/Post	Bamberg Bahnhof/Vorplatz	LINESTRING(10.892989 49.892705,10.8929849 49.8927041)
406	Bamberg	ZOB/Willy-Lessing-Str.	de:09461:20444:0:2	49.892937	10.892953	bus	MATCHED	n7096066878	8.3	1.0	Bamberg ZOB (Willy-Lessing-Straße)	980	Bamberg	Bamberg Am Kranen / Bamberg Markusplatz	LINESTRING(10.892953 49.892937,10.892838300000001 49.892931100000006)
407	Bamberg	ZOB/Willy-Lessing-Str.	de:09461:20444:0:3	49.892873	10.892926		NO_MATCH_AND_SEEMS_UNSERVED								POINT(10.892926 49.892873)
408	Bamberg	Zollhaus	de:09461:20472:0:1	49.911406	10.88141	bus	MATCHED	n352908329	11.1	1.0	Bamberg Zollhaus	940,941	Bamberg Coburger Str. / Hallstadt Mitte	Hallstadt Mitte / Bamberg Coburger Straße	LINESTRING(10.88141 49.911406,10.8814483 49.911309)
409	Bamberg	Zollhaus	de:09461:20472:0:2	49.912112	10.880242	bus	MATCHED	n352908328	11.7	1.0	Bamberg Zollhaus	940,941,952,957	Bamberg Aussegnungshalle / Bamberg Hallstadter Str.	Bamberg Hallstadter Straße / Bamberg Aussegnungshalle	LINESTRING(10.880242 49.912112,10.880093 49.9121554)
